0 verbose cli C:\Program Files\nodejs\node.exe C:\Program Files\nodejs\node_modules\npm\bin\npm-cli.js
1 info using npm@11.6.2
2 info using node@v25.2.1
3 silly config load:file:C:\Program Files\nodejs\node_modules\npm\npmrc
4 silly config load:file:C:\Users\vedan\Downloads\AVRGREEN-Nursery-Management-System-main\AVRGREEN-Nursery-Management-System-main\backend\.npmrc
5 silly config load:file:C:\Users\vedan\.npmrc
6 silly config load:file:C:\Users\vedan\AppData\Roaming\npm\etc\npmrc
7 verbose title npm install
8 verbose argv "install" "--cache" ".npm-cache" "--strict-ssl" "false" "--legacy-peer-deps" "--no-audit" "--no-fund"
9 verbose logfile logs-max:10 dir:C:\Users\vedan\Downloads\AVRGREEN-Nursery-Management-System-main\AVRGREEN-Nursery-Management-System-main\backend\.npm-cache\_logs\2026-08-26T16_15_05_402Z-
10 verbose logfile C:\Users\vedan\Downloads\AVRGREEN-Nursery-Management-System-main\AVRGREEN-Nursery-Management-System-main\backend\.npm-cache\_logs\2026-08-26T16_15_05_402Z-debug-0.log
11 silly logfile done cleaning log files
12 silly packumentCache heap:4496293888 maxSize:1124073472 maxEntrySize:562036736
13 silly idealTree buildDeps
14 silly fetch manifest bcryptjs@^2.4.3
15 silly packumentCache full:https://registry.npmjs.org/bcryptjs cache-miss
16 http cache https://registry.npmjs.org/bcryptjs 14ms (cache hit)
17 silly packumentCache full:https://registry.npmjs.org/bcryptjs set size:80385 disposed:false
18 silly fetch manifest bullmq@^5.1.0
19 silly packumentCache full:https://registry.npmjs.org/bullmq cache-miss
20 http cache https://registry.npmjs.org/bullmq 14ms (cache hit)
21 silly packumentCache full:https://registry.npmjs.org/bullmq set size:4820386 disposed:false
22 silly fetch manifest cors@^2.8.5
23 silly packumentCache full:https://registry.npmjs.org/cors cache-miss
24 http cache https://registry.npmjs.org/cors 13ms (cache hit)
25 silly packumentCache full:https://registry.npmjs.org/cors set size:77956 disposed:false
26 silly fetch manifest dotenv@^16.4.5
27 silly packumentCache full:https://registry.npmjs.org/dotenv cache-miss
28 http cache https://registry.npmjs.org/dotenv 6ms (cache hit)
29 silly packumentCache full:https://registry.npmjs.org/dotenv set size:277821 disposed:false
30 silly fetch manifest express@^4.18.3
31 silly packumentCache full:https://registry.npmjs.org/express cache-miss
32 http cache https://registry.npmjs.org/express 7ms (cache hit)
33 silly packumentCache full:https://registry.npmjs.org/express set size:804975 disposed:false
34 silly fetch manifest express-rate-limit@^7.1.5
35 silly packumentCache full:https://registry.npmjs.org/express-rate-limit cache-miss
36 http cache https://registry.npmjs.org/express-rate-limit 7ms (cache hit)
37 silly packumentCache full:https://registry.npmjs.org/express-rate-limit set size:456657 disposed:false
38 silly fetch manifest helmet@^7.1.0
39 silly packumentCache full:https://registry.npmjs.org/helmet cache-miss
40 http cache https://registry.npmjs.org/helmet 6ms (cache hit)
41 silly packumentCache full:https://registry.npmjs.org/helmet set size:345403 disposed:false
42 silly fetch manifest jsonwebtoken@^9.0.2
43 silly packumentCache full:https://registry.npmjs.org/jsonwebtoken cache-miss
44 http cache https://registry.npmjs.org/jsonwebtoken 7ms (cache hit)
45 silly packumentCache full:https://registry.npmjs.org/jsonwebtoken set size:183413 disposed:false
46 silly fetch manifest pg@^8.11.3
47 silly packumentCache full:https://registry.npmjs.org/pg cache-miss
48 http cache https://registry.npmjs.org/pg 6ms (cache hit)
49 silly packumentCache full:https://registry.npmjs.org/pg set size:482398 disposed:false
50 silly fetch manifest redis@^4.6.13
51 silly packumentCache full:https://registry.npmjs.org/redis cache-miss
52 http cache https://registry.npmjs.org/redis 7ms (cache hit)
53 silly packumentCache full:https://registry.npmjs.org/redis set size:387572 disposed:false
54 silly fetch manifest socket.io@^4.7.4
55 silly packumentCache full:https://registry.npmjs.org/socket.io cache-miss
56 http cache https://registry.npmjs.org/socket.io 7ms (cache hit)
57 silly packumentCache full:https://registry.npmjs.org/socket.io set size:379231 disposed:false
58 silly fetch manifest swagger-ui-express@^5.0.0
59 silly packumentCache full:https://registry.npmjs.org/swagger-ui-express cache-miss
60 http cache https://registry.npmjs.org/swagger-ui-express 6ms (cache hit)
61 silly packumentCache full:https://registry.npmjs.org/swagger-ui-express set size:143347 disposed:false
62 silly fetch manifest winston@^3.11.0
63 silly packumentCache full:https://registry.npmjs.org/winston cache-miss
64 http cache https://registry.npmjs.org/winston 5ms (cache hit)
65 silly packumentCache full:https://registry.npmjs.org/winston set size:276467 disposed:false
66 silly fetch manifest zod@^3.22.4
67 silly packumentCache full:https://registry.npmjs.org/zod cache-miss
68 http cache https://registry.npmjs.org/zod 16ms (cache hit)
69 silly packumentCache full:https://registry.npmjs.org/zod set size:4067120 disposed:false
70 silly fetch manifest @types/bcryptjs@^2.4.6
71 silly packumentCache full:https://registry.npmjs.org/@types%2fbcryptjs cache-miss
72 http cache https://registry.npmjs.org/@types%2fbcryptjs 9ms (cache hit)
73 silly packumentCache full:https://registry.npmjs.org/@types%2fbcryptjs set size:28223 disposed:false
74 silly fetch manifest @types/cors@^2.8.17
75 silly packumentCache full:https://registry.npmjs.org/@types%2fcors cache-miss
76 http cache https://registry.npmjs.org/@types%2fcors 6ms (cache hit)
77 silly packumentCache full:https://registry.npmjs.org/@types%2fcors set size:56991 disposed:false
78 silly fetch manifest @types/express@^4.17.21
79 silly packumentCache full:https://registry.npmjs.org/@types%2fexpress cache-miss
80 http cache https://registry.npmjs.org/@types%2fexpress 6ms (cache hit)
81 silly packumentCache full:https://registry.npmjs.org/@types%2fexpress set size:111364 disposed:false
82 silly fetch manifest @types/jsonwebtoken@^9.0.6
83 silly packumentCache full:https://registry.npmjs.org/@types%2fjsonwebtoken cache-miss
84 http cache https://registry.npmjs.org/@types%2fjsonwebtoken 5ms (cache hit)
85 silly packumentCache full:https://registry.npmjs.org/@types%2fjsonwebtoken set size:129919 disposed:false
86 silly fetch manifest @types/node@^20.11.24
87 silly packumentCache full:https://registry.npmjs.org/@types%2fnode cache-miss
88 http cache https://registry.npmjs.org/@types%2fnode 36ms (cache hit)
89 silly packumentCache full:https://registry.npmjs.org/@types%2fnode set size:11092436 disposed:false
90 silly fetch manifest @types/pg@^8.11.2
91 silly packumentCache full:https://registry.npmjs.org/@types%2fpg cache-miss
92 http cache https://registry.npmjs.org/@types%2fpg 12ms (cache hit)
93 silly packumentCache full:https://registry.npmjs.org/@types%2fpg set size:208301 disposed:false
94 silly fetch manifest @types/swagger-ui-express@^4.1.6
95 silly packumentCache full:https://registry.npmjs.org/@types%2fswagger-ui-express cache-miss
96 http cache https://registry.npmjs.org/@types%2fswagger-ui-express 7ms (cache hit)
97 silly packumentCache full:https://registry.npmjs.org/@types%2fswagger-ui-express set size:24677 disposed:false
98 silly fetch manifest ts-node@^10.9.2
99 silly packumentCache full:https://registry.npmjs.org/ts-node cache-miss
100 http cache https://registry.npmjs.org/ts-node 8ms (cache hit)
101 silly packumentCache full:https://registry.npmjs.org/ts-node set size:574573 disposed:false
102 silly fetch manifest ts-node-dev@^2.0.0
103 silly packumentCache full:https://registry.npmjs.org/ts-node-dev cache-miss
104 http cache https://registry.npmjs.org/ts-node-dev 7ms (cache hit)
105 silly packumentCache full:https://registry.npmjs.org/ts-node-dev set size:292560 disposed:false
106 silly fetch manifest typescript@^5.3.3
107 silly packumentCache full:https://registry.npmjs.org/typescript cache-miss
108 http cache https://registry.npmjs.org/typescript 33ms (cache hit)
109 silly packumentCache full:https://registry.npmjs.org/typescript set size:15597675 disposed:false
110 silly placeDep ROOT @types/bcryptjs@2.4.6 OK for: avrgreen-backend@1.0.0 want: ^2.4.6
111 silly placeDep ROOT @types/cors@2.8.19 OK for: avrgreen-backend@1.0.0 want: ^2.8.17
112 silly placeDep ROOT @types/express@4.17.25 OK for: avrgreen-backend@1.0.0 want: ^4.17.21
113 silly placeDep ROOT @types/jsonwebtoken@9.0.10 OK for: avrgreen-backend@1.0.0 want: ^9.0.6
114 silly placeDep ROOT @types/node@20.19.43 OK for: avrgreen-backend@1.0.0 want: ^20.11.24
115 silly placeDep ROOT @types/pg@8.23.1 OK for: avrgreen-backend@1.0.0 want: ^8.11.2
116 silly placeDep ROOT @types/swagger-ui-express@4.1.8 OK for: avrgreen-backend@1.0.0 want: ^4.1.6
117 silly placeDep ROOT bcryptjs@2.4.3 OK for: avrgreen-backend@1.0.0 want: ^2.4.3
118 silly placeDep ROOT bullmq@5.81.3 OK for: avrgreen-backend@1.0.0 want: ^5.1.0
119 silly placeDep ROOT cors@2.8.6 OK for: avrgreen-backend@1.0.0 want: ^2.8.5
120 silly placeDep ROOT dotenv@16.6.1 OK for: avrgreen-backend@1.0.0 want: ^16.4.5
121 silly placeDep ROOT express@4.22.2 OK for: avrgreen-backend@1.0.0 want: ^4.18.3
122 silly placeDep ROOT express-rate-limit@7.5.1 OK for: avrgreen-backend@1.0.0 want: ^7.1.5
123 silly placeDep ROOT helmet@7.2.0 OK for: avrgreen-backend@1.0.0 want: ^7.1.0
124 silly placeDep ROOT jsonwebtoken@9.0.3 OK for: avrgreen-backend@1.0.0 want: ^9.0.2
125 silly placeDep ROOT pg@8.23.0 OK for: avrgreen-backend@1.0.0 want: ^8.11.3
126 silly placeDep ROOT redis@4.7.1 OK for: avrgreen-backend@1.0.0 want: ^4.6.13
127 silly placeDep ROOT socket.io@4.8.3 OK for: avrgreen-backend@1.0.0 want: ^4.7.4
128 silly placeDep ROOT swagger-ui-express@5.0.1 OK for: avrgreen-backend@1.0.0 want: ^5.0.0
129 silly placeDep ROOT ts-node@10.9.2 OK for: avrgreen-backend@1.0.0 want: ^10.9.2
130 silly placeDep ROOT ts-node-dev@2.0.0 OK for: avrgreen-backend@1.0.0 want: ^2.0.0
131 silly placeDep ROOT typescript@5.9.3 OK for: avrgreen-backend@1.0.0 want: ^5.3.3
132 silly placeDep ROOT winston@3.19.0 OK for: avrgreen-backend@1.0.0 want: ^3.11.0
133 silly placeDep ROOT zod@3.25.76 OK for: avrgreen-backend@1.0.0 want: ^3.22.4
134 silly fetch manifest @types/node@*
135 silly packumentCache full:https://registry.npmjs.org/@types%2fnode cache-miss
136 silly fetch manifest @types/qs@*
137 silly packumentCache full:https://registry.npmjs.org/@types%2fqs cache-miss
138 silly fetch manifest @types/body-parser@*
139 silly packumentCache full:https://registry.npmjs.org/@types%2fbody-parser cache-miss
140 silly fetch manifest @types/serve-static@^1
141 silly packumentCache full:https://registry.npmjs.org/@types%2fserve-static cache-miss
142 silly fetch manifest @types/express-serve-static-core@^4.17.33
143 silly packumentCache full:https://registry.npmjs.org/@types%2fexpress-serve-static-core cache-miss
144 silly fetch manifest @types/ms@*
145 silly packumentCache full:https://registry.npmjs.org/@types%2fms cache-miss
146 silly fetch manifest @types/node@*
147 silly packumentCache full:https://registry.npmjs.org/@types%2fnode cache-miss
148 silly fetch manifest undici-types@~6.21.0
149 silly packumentCache full:https://registry.npmjs.org/undici-types cache-miss
150 silly fetch manifest pg-types@^2.2.0
151 silly packumentCache full:https://registry.npmjs.org/pg-types cache-miss
152 silly fetch manifest pg-protocol@*
153 silly packumentCache full:https://registry.npmjs.org/pg-protocol cache-miss
154 silly fetch manifest @types/serve-static@*
155 silly packumentCache full:https://registry.npmjs.org/@types%2fserve-static cache-miss
156 http cache https://registry.npmjs.org/@types%2fbody-parser 24ms (cache hit)
157 silly packumentCache full:https://registry.npmjs.org/@types%2fbody-parser set size:59466 disposed:false
158 silly fetch manifest tslib@2.8.1
159 silly packumentCache full:https://registry.npmjs.org/tslib cache-miss
160 http cache https://registry.npmjs.org/@types%2fms 25ms (cache hit)
161 silly packumentCache full:https://registry.npmjs.org/@types%2fms set size:24399 disposed:false
162 silly fetch manifest semver@7.8.5
163 silly packumentCache full:https://registry.npmjs.org/semver cache-miss
164 http cache https://registry.npmjs.org/@types%2fqs 28ms (cache hit)
165 silly packumentCache full:https://registry.npmjs.org/@types%2fqs set size:84522 disposed:false
166 silly fetch manifest ioredis@5.11.1
167 silly packumentCache full:https://registry.npmjs.org/ioredis cache-miss
168 http cache https://registry.npmjs.org/@types%2fserve-static 29ms (cache hit)
169 silly packumentCache full:https://registry.npmjs.org/@types%2fserve-static set size:70859 disposed:false
170 silly fetch manifest msgpackr@2.0.5
171 silly packumentCache full:https://registry.npmjs.org/msgpackr cache-miss
172 http cache https://registry.npmjs.org/@types%2fexpress-serve-static-core 30ms (cache hit)
173 silly packumentCache full:https://registry.npmjs.org/@types%2fexpress-serve-static-core set size:271755 disposed:false
174 silly fetch manifest cron-parser@4.9.0
175 silly packumentCache full:https://registry.npmjs.org/cron-parser cache-miss
176 http cache https://registry.npmjs.org/undici-types 32ms (cache hit)
177 silly packumentCache full:https://registry.npmjs.org/undici-types set size:250438 disposed:false
178 silly fetch manifest node-abort-controller@3.1.1
179 silly packumentCache full:https://registry.npmjs.org/node-abort-controller cache-miss
180 http cache https://registry.npmjs.org/pg-types 34ms (cache hit)
181 silly packumentCache full:https://registry.npmjs.org/pg-types set size:51397 disposed:false
182 silly fetch manifest object-assign@^4
183 silly packumentCache full:https://registry.npmjs.org/object-assign cache-miss
184 http cache https://registry.npmjs.org/@types%2fserve-static 35ms (cache hit)
185 silly packumentCache full:https://registry.npmjs.org/@types%2fserve-static set size:70859 disposed:false
186 silly packumentCache full:https://registry.npmjs.org/@types%2fserve-static dispose
187 silly fetch manifest vary@^1
188 silly packumentCache full:https://registry.npmjs.org/vary cache-miss
189 http cache https://registry.npmjs.org/pg-protocol 37ms (cache hit)
190 silly packumentCache full:https://registry.npmjs.org/pg-protocol set size:57363 disposed:false
191 silly fetch manifest qs@~6.15.1
192 silly packumentCache full:https://registry.npmjs.org/qs cache-miss
193 http cache https://registry.npmjs.org/@types%2fnode 58ms (cache hit)
194 silly packumentCache full:https://registry.npmjs.org/@types%2fnode set size:11092436 disposed:false
195 silly fetch manifest depd@2.0.0
196 silly packumentCache full:https://registry.npmjs.org/depd cache-miss
197 http cache https://registry.npmjs.org/@types%2fnode 128ms (cache hit)
198 silly packumentCache full:https://registry.npmjs.org/@types%2fnode set size:11092436 disposed:false
199 silly fetch manifest etag@~1.8.1
200 silly packumentCache full:https://registry.npmjs.org/etag cache-miss
201 http cache https://registry.npmjs.org/semver 162ms (cache hit)
202 silly packumentCache full:https://registry.npmjs.org/semver set size:246069 disposed:false
203 silly fetch manifest send@~0.19.0
204 silly packumentCache full:https://registry.npmjs.org/send cache-miss
205 http cache https://registry.npmjs.org/tslib 169ms (cache hit)
206 silly packumentCache full:https://registry.npmjs.org/tslib set size:108843 disposed:false
207 silly fetch manifest vary@~1.1.2
208 silly packumentCache full:https://registry.npmjs.org/vary cache-miss
209 http cache https://registry.npmjs.org/ioredis 169ms (cache hit)
210 silly packumentCache full:https://registry.npmjs.org/ioredis set size:859203 disposed:false
211 silly fetch manifest debug@2.6.9
212 silly packumentCache full:https://registry.npmjs.org/debug cache-miss
213 http cache https://registry.npmjs.org/object-assign 167ms (cache hit)
214 silly packumentCache full:https://registry.npmjs.org/object-assign set size:28988 disposed:false
215 silly fetch manifest fresh@~0.5.2
216 silly packumentCache full:https://registry.npmjs.org/fresh cache-miss
217 http cache https://registry.npmjs.org/msgpackr 177ms (cache hit)
218 silly packumentCache full:https://registry.npmjs.org/msgpackr set size:442279 disposed:false
219 silly fetch manifest cookie@~0.7.1
220 silly packumentCache full:https://registry.npmjs.org/cookie cache-miss
221 http cache https://registry.npmjs.org/cron-parser 178ms (cache hit)
222 silly packumentCache full:https://registry.npmjs.org/cron-parser set size:368796 disposed:false
223 silly fetch manifest accepts@~1.3.8
224 silly packumentCache full:https://registry.npmjs.org/accepts cache-miss
225 http cache https://registry.npmjs.org/node-abort-controller 178ms (cache hit)
226 silly packumentCache full:https://registry.npmjs.org/node-abort-controller set size:38850 disposed:false
227 silly fetch manifest methods@~1.1.2
228 silly packumentCache full:https://registry.npmjs.org/methods cache-miss
229 http cache https://registry.npmjs.org/vary 188ms (cache hit)
230 silly packumentCache full:https://registry.npmjs.org/vary set size:15994 disposed:false
231 silly fetch manifest type-is@~1.6.18
232 silly packumentCache full:https://registry.npmjs.org/type-is cache-miss
233 http cache https://registry.npmjs.org/qs 190ms (cache hit)
234 silly packumentCache full:https://registry.npmjs.org/qs set size:360318 disposed:false
235 silly fetch manifest parseurl@~1.3.3
236 silly packumentCache full:https://registry.npmjs.org/parseurl cache-miss
237 http cache https://registry.npmjs.org/depd 122ms (cache hit)
238 silly packumentCache full:https://registry.npmjs.org/depd set size:40182 disposed:false
239 silly fetch manifest statuses@~2.0.1
240 silly packumentCache full:https://registry.npmjs.org/statuses cache-miss
241 http cache https://registry.npmjs.org/etag 60ms (cache hit)
242 silly packumentCache full:https://registry.npmjs.org/etag set size:30032 disposed:false
243 silly fetch manifest encodeurl@~2.0.0
244 silly packumentCache full:https://registry.npmjs.org/encodeurl cache-miss
245 http cache https://registry.npmjs.org/fresh 40ms (cache hit)
246 silly packumentCache full:https://registry.npmjs.org/fresh set size:25427 disposed:false
247 silly fetch manifest proxy-addr@~2.0.7
248 silly packumentCache full:https://registry.npmjs.org/proxy-addr cache-miss
249 http cache https://registry.npmjs.org/send 54ms (cache hit)
250 silly packumentCache full:https://registry.npmjs.org/send set size:152810 disposed:false
251 silly fetch manifest body-parser@~1.20.5
252 silly packumentCache full:https://registry.npmjs.org/body-parser cache-miss
253 http cache https://registry.npmjs.org/accepts 38ms (cache hit)
254 silly packumentCache full:https://registry.npmjs.org/accepts set size:77054 disposed:false
255 silly fetch manifest escape-html@~1.0.3
256 silly packumentCache full:https://registry.npmjs.org/escape-html cache-miss
257 http cache https://registry.npmjs.org/vary 57ms (cache hit)
258 silly packumentCache full:https://registry.npmjs.org/vary set size:15994 disposed:false
259 silly packumentCache full:https://registry.npmjs.org/vary dispose
260 silly fetch manifest http-errors@~2.0.0
261 silly packumentCache full:https://registry.npmjs.org/http-errors cache-miss
262 http cache https://registry.npmjs.org/cookie 49ms (cache hit)
263 silly packumentCache full:https://registry.npmjs.org/cookie set size:78274 disposed:false
264 silly fetch manifest on-finished@~2.4.1
265 silly packumentCache full:https://registry.npmjs.org/on-finished cache-miss
266 http cache https://registry.npmjs.org/debug 59ms (cache hit)
267 silly packumentCache full:https://registry.npmjs.org/debug set size:195840 disposed:false
268 silly fetch manifest safe-buffer@5.2.1
269 silly packumentCache full:https://registry.npmjs.org/safe-buffer cache-miss
270 http cache https://registry.npmjs.org/methods 51ms (cache hit)
271 silly packumentCache full:https://registry.npmjs.org/methods set size:12600 disposed:false
272 silly fetch manifest utils-merge@1.0.1
273 silly packumentCache full:https://registry.npmjs.org/utils-merge cache-miss
274 http cache https://registry.npmjs.org/type-is 41ms (cache hit)
275 silly packumentCache full:https://registry.npmjs.org/type-is set size:88614 disposed:false
276 silly fetch manifest content-type@~1.0.4
277 silly packumentCache full:https://registry.npmjs.org/content-type cache-miss
278 http cache https://registry.npmjs.org/parseurl 42ms (cache hit)
279 silly packumentCache full:https://registry.npmjs.org/parseurl set size:24148 disposed:false
280 silly fetch manifest finalhandler@~1.3.1
281 silly packumentCache full:https://registry.npmjs.org/finalhandler cache-miss
282 http cache https://registry.npmjs.org/statuses 41ms (cache hit)
283 silly packumentCache full:https://registry.npmjs.org/statuses set size:37117 disposed:false
284 silly fetch manifest range-parser@~1.2.1
285 silly packumentCache full:https://registry.npmjs.org/range-parser cache-miss
286 http cache https://registry.npmjs.org/encodeurl 42ms (cache hit)
287 silly packumentCache full:https://registry.npmjs.org/encodeurl set size:12296 disposed:false
288 silly fetch manifest serve-static@~1.16.2
289 silly packumentCache full:https://registry.npmjs.org/serve-static cache-miss
290 http cache https://registry.npmjs.org/body-parser 40ms (cache hit)
291 silly packumentCache full:https://registry.npmjs.org/body-parser set size:204559 disposed:false
292 silly fetch manifest array-flatten@1.1.1
293 silly packumentCache full:https://registry.npmjs.org/array-flatten cache-miss
294 http cache https://registry.npmjs.org/proxy-addr 46ms (cache hit)
295 silly packumentCache full:https://registry.npmjs.org/proxy-addr set size:61619 disposed:false
296 silly fetch manifest path-to-regexp@~0.1.12
297 silly packumentCache full:https://registry.npmjs.org/path-to-regexp cache-miss
298 http cache https://registry.npmjs.org/escape-html 44ms (cache hit)
299 silly packumentCache full:https://registry.npmjs.org/escape-html set size:7345 disposed:false
300 silly fetch manifest setprototypeof@1.2.0
301 silly packumentCache full:https://registry.npmjs.org/setprototypeof cache-miss
302 http cache https://registry.npmjs.org/http-errors 44ms (cache hit)
303 silly packumentCache full:https://registry.npmjs.org/http-errors set size:71987 disposed:false
304 silly fetch manifest cookie-signature@~1.0.6
305 silly packumentCache full:https://registry.npmjs.org/cookie-signature cache-miss
306 http cache https://registry.npmjs.org/safe-buffer 35ms (cache hit)
307 silly packumentCache full:https://registry.npmjs.org/safe-buffer set size:41183 disposed:false
308 silly fetch manifest merge-descriptors@1.0.3
309 silly packumentCache full:https://registry.npmjs.org/merge-descriptors cache-miss
310 http cache https://registry.npmjs.org/on-finished 41ms (cache hit)
311 silly packumentCache full:https://registry.npmjs.org/on-finished set size:23212 disposed:false
312 silly fetch manifest content-disposition@~0.5.4
313 silly packumentCache full:https://registry.npmjs.org/content-disposition cache-miss
314 http cache https://registry.npmjs.org/content-type 33ms (cache hit)
315 silly packumentCache full:https://registry.npmjs.org/content-type set size:23936 disposed:false
316 silly fetch manifest ms@^2.1.1
317 silly packumentCache full:https://registry.npmjs.org/ms cache-miss
318 http cache https://registry.npmjs.org/utils-merge 37ms (cache hit)
319 silly packumentCache full:https://registry.npmjs.org/utils-merge set size:5237 disposed:false
320 silly fetch manifest jws@^4.0.1
321 silly packumentCache full:https://registry.npmjs.org/jws cache-miss
322 http cache https://registry.npmjs.org/finalhandler 30ms (cache hit)
323 silly packumentCache full:https://registry.npmjs.org/finalhandler set size:79291 disposed:false
324 silly fetch manifest semver@^7.5.4
325 silly packumentCache full:https://registry.npmjs.org/semver cache-hit
326 silly fetch manifest lodash.once@^4.0.0
327 silly packumentCache full:https://registry.npmjs.org/lodash.once cache-miss
328 http cache https://registry.npmjs.org/range-parser 31ms (cache hit)
329 silly packumentCache full:https://registry.npmjs.org/range-parser set size:24852 disposed:false
330 silly fetch manifest lodash.includes@^4.3.0
331 silly packumentCache full:https://registry.npmjs.org/lodash.includes cache-miss
332 http cache https://registry.npmjs.org/serve-static 29ms (cache hit)
333 silly packumentCache full:https://registry.npmjs.org/serve-static set size:150391 disposed:false
334 silly fetch manifest lodash.isnumber@^3.0.3
335 silly packumentCache full:https://registry.npmjs.org/lodash.isnumber cache-miss
336 http cache https://registry.npmjs.org/array-flatten 32ms (cache hit)
337 silly packumentCache full:https://registry.npmjs.org/array-flatten set size:24005 disposed:false
338 silly fetch manifest lodash.isstring@^4.0.1
339 silly packumentCache full:https://registry.npmjs.org/lodash.isstring cache-miss
340 http cache https://registry.npmjs.org/path-to-regexp 34ms (cache hit)
341 silly packumentCache full:https://registry.npmjs.org/path-to-regexp set size:216334 disposed:false
342 silly fetch manifest lodash.isboolean@^3.0.3
343 silly packumentCache full:https://registry.npmjs.org/lodash.isboolean cache-miss
344 http cache https://registry.npmjs.org/setprototypeof 34ms (cache hit)
345 silly packumentCache full:https://registry.npmjs.org/setprototypeof set size:14532 disposed:false
346 silly fetch manifest lodash.isinteger@^4.0.4
347 silly packumentCache full:https://registry.npmjs.org/lodash.isinteger cache-miss
348 http cache https://registry.npmjs.org/cookie-signature 34ms (cache hit)
349 silly packumentCache full:https://registry.npmjs.org/cookie-signature set size:21777 disposed:false
350 silly fetch manifest lodash.isplainobject@^4.0.6
351 silly packumentCache full:https://registry.npmjs.org/lodash.isplainobject cache-miss
352 http cache https://registry.npmjs.org/merge-descriptors 33ms (cache hit)
353 silly packumentCache full:https://registry.npmjs.org/merge-descriptors set size:16527 disposed:false
354 silly fetch manifest pgpass@1.0.5
355 silly packumentCache full:https://registry.npmjs.org/pgpass cache-miss
356 http cache https://registry.npmjs.org/content-disposition 33ms (cache hit)
357 silly packumentCache full:https://registry.npmjs.org/content-disposition set size:45446 disposed:false
358 silly fetch manifest pg-pool@^3.14.0
359 silly packumentCache full:https://registry.npmjs.org/pg-pool cache-miss
360 http cache https://registry.npmjs.org/lodash.isnumber 26ms (cache hit)
361 silly packumentCache full:https://registry.npmjs.org/lodash.isnumber set size:21368 disposed:false
362 silly fetch manifest pg-types@2.2.0
363 silly packumentCache full:https://registry.npmjs.org/pg-types cache-hit
364 silly fetch manifest pg-protocol@^1.16.0
365 silly packumentCache full:https://registry.npmjs.org/pg-protocol cache-hit
366 silly fetch manifest pg-connection-string@^2.14.0
367 silly packumentCache full:https://registry.npmjs.org/pg-connection-string cache-miss
368 http cache https://registry.npmjs.org/ms 33ms (cache hit)
369 silly packumentCache full:https://registry.npmjs.org/ms set size:92208 disposed:false
370 silly fetch manifest pg-cloudflare@^1.4.0
371 silly packumentCache full:https://registry.npmjs.org/pg-cloudflare cache-miss
372 http cache https://registry.npmjs.org/jws 34ms (cache hit)
373 silly packumentCache full:https://registry.npmjs.org/jws set size:48740 disposed:false
374 silly fetch manifest @redis/json@1.0.7
375 silly packumentCache full:https://registry.npmjs.org/@redis%2fjson cache-miss
376 http cache https://registry.npmjs.org/lodash.once 35ms (cache hit)
377 silly packumentCache full:https://registry.npmjs.org/lodash.once set size:23407 disposed:false
378 silly fetch manifest @redis/bloom@1.2.0
379 silly packumentCache full:https://registry.npmjs.org/@redis%2fbloom cache-miss
380 http cache https://registry.npmjs.org/lodash.includes 35ms (cache hit)
381 silly packumentCache full:https://registry.npmjs.org/lodash.includes set size:27594 disposed:false
382 silly fetch manifest @redis/graph@1.1.1
383 silly packumentCache full:https://registry.npmjs.org/@redis%2fgraph cache-miss
384 http cache https://registry.npmjs.org/lodash.isstring 31ms (cache hit)
385 silly packumentCache full:https://registry.npmjs.org/lodash.isstring set size:21368 disposed:false
386 silly fetch manifest @redis/client@1.6.1
387 silly packumentCache full:https://registry.npmjs.org/@redis%2fclient cache-miss
388 http cache https://registry.npmjs.org/lodash.isboolean 29ms (cache hit)
389 silly packumentCache full:https://registry.npmjs.org/lodash.isboolean set size:21437 disposed:false
390 silly fetch manifest @redis/search@1.2.0
391 silly packumentCache full:https://registry.npmjs.org/@redis%2fsearch cache-miss
392 http cache https://registry.npmjs.org/pgpass 27ms (cache hit)
393 silly packumentCache full:https://registry.npmjs.org/pgpass set size:28590 disposed:false
394 silly fetch manifest @redis/time-series@1.1.0
395 silly packumentCache full:https://registry.npmjs.org/@redis%2ftime-series cache-miss
396 http cache https://registry.npmjs.org/lodash.isplainobject 29ms (cache hit)
397 silly packumentCache full:https://registry.npmjs.org/lodash.isplainobject set size:38531 disposed:false
398 silly fetch manifest accepts@~1.3.4
399 silly packumentCache full:https://registry.npmjs.org/accepts cache-hit
400 silly fetch manifest base64id@~2.0.0
401 silly packumentCache full:https://registry.npmjs.org/base64id cache-miss
402 http cache https://registry.npmjs.org/lodash.isinteger 32ms (cache hit)
403 silly packumentCache full:https://registry.npmjs.org/lodash.isinteger set size:10827 disposed:false
404 silly fetch manifest debug@~4.4.1
405 silly packumentCache full:https://registry.npmjs.org/debug cache-hit
406 silly fetch manifest engine.io@~6.6.0
407 silly packumentCache full:https://registry.npmjs.org/engine.io cache-miss
408 http cache https://registry.npmjs.org/pg-connection-string 28ms (cache hit)
409 silly packumentCache full:https://registry.npmjs.org/pg-connection-string set size:78715 disposed:false
410 silly fetch manifest socket.io-adapter@~2.5.2
411 silly packumentCache full:https://registry.npmjs.org/socket.io-adapter cache-miss
412 http cache https://registry.npmjs.org/pg-pool 32ms (cache hit)
413 silly packumentCache full:https://registry.npmjs.org/pg-pool set size:132010 disposed:false
414 silly fetch manifest socket.io-parser@~4.2.4
415 silly packumentCache full:https://registry.npmjs.org/socket.io-parser cache-miss
416 http cache https://registry.npmjs.org/pg-cloudflare 30ms (cache hit)
417 silly packumentCache full:https://registry.npmjs.org/pg-cloudflare set size:22655 disposed:false
418 silly fetch manifest swagger-ui-dist@>=5.0.0
419 silly packumentCache full:https://registry.npmjs.org/swagger-ui-dist cache-miss
420 http cache https://registry.npmjs.org/@redis%2fjson 31ms (cache hit)
421 silly packumentCache full:https://registry.npmjs.org/@redis%2fjson set size:75619 disposed:false
422 silly fetch manifest yn@3.1.1
423 silly packumentCache full:https://registry.npmjs.org/yn cache-miss
424 http cache https://registry.npmjs.org/@redis%2fgraph 29ms (cache hit)
425 silly packumentCache full:https://registry.npmjs.org/@redis%2fgraph set size:14382 disposed:false
426 silly fetch manifest arg@^4.1.0
427 silly packumentCache full:https://registry.npmjs.org/arg cache-miss
428 http cache https://registry.npmjs.org/@redis%2fbloom 32ms (cache hit)
429 silly packumentCache full:https://registry.npmjs.org/@redis%2fbloom set size:73645 disposed:false
430 silly fetch manifest diff@^4.0.1
431 silly packumentCache full:https://registry.npmjs.org/diff cache-miss
432 http cache https://registry.npmjs.org/@redis%2ftime-series 27ms (cache hit)
433 silly packumentCache full:https://registry.npmjs.org/@redis%2ftime-series set size:79118 disposed:false
434 silly fetch manifest acorn@^8.4.1
435 silly packumentCache full:https://registry.npmjs.org/acorn cache-miss
436 http cache https://registry.npmjs.org/@redis%2fclient 33ms (cache hit)
437 silly packumentCache full:https://registry.npmjs.org/@redis%2fclient set size:150811 disposed:false
438 silly fetch manifest acorn-walk@^8.1.1
439 silly packumentCache full:https://registry.npmjs.org/acorn-walk cache-miss
440 http cache https://registry.npmjs.org/base64id 31ms (cache hit)
441 silly packumentCache full:https://registry.npmjs.org/base64id set size:6136 disposed:false
442 silly fetch manifest make-error@^1.1.1
443 silly packumentCache full:https://registry.npmjs.org/make-error cache-miss
444 http cache https://registry.npmjs.org/@redis%2fsearch 36ms (cache hit)
445 silly packumentCache full:https://registry.npmjs.org/@redis%2fsearch set size:93873 disposed:false
446 silly fetch manifest create-require@^1.1.0
447 silly packumentCache full:https://registry.npmjs.org/create-require cache-miss
448 http cache https://registry.npmjs.org/engine.io 35ms (cache hit)
449 silly packumentCache full:https://registry.npmjs.org/engine.io set size:396042 disposed:false
450 silly fetch manifest @tsconfig/node10@^1.0.7
451 silly packumentCache full:https://registry.npmjs.org/@tsconfig%2fnode10 cache-miss
452 http cache https://registry.npmjs.org/socket.io-parser 36ms (cache hit)
453 silly packumentCache full:https://registry.npmjs.org/socket.io-parser set size:130849 disposed:false
454 silly fetch manifest @tsconfig/node12@^1.0.7
455 silly packumentCache full:https://registry.npmjs.org/@tsconfig%2fnode12 cache-miss
456 http cache https://registry.npmjs.org/socket.io-adapter 40ms (cache hit)
457 silly packumentCache full:https://registry.npmjs.org/socket.io-adapter set size:71138 disposed:false
458 silly fetch manifest @tsconfig/node14@^1.0.0
459 silly packumentCache full:https://registry.npmjs.org/@tsconfig%2fnode14 cache-miss
460 http cache https://registry.npmjs.org/swagger-ui-dist 40ms (cache hit)
461 silly packumentCache full:https://registry.npmjs.org/swagger-ui-dist set size:864023 disposed:false
462 silly fetch manifest @tsconfig/node16@^1.0.2
463 silly packumentCache full:https://registry.npmjs.org/@tsconfig%2fnode16 cache-miss
464 http cache https://registry.npmjs.org/yn 43ms (cache hit)
465 silly packumentCache full:https://registry.npmjs.org/yn set size:23572 disposed:false
466 silly fetch manifest v8-compile-cache-lib@^3.0.1
467 silly packumentCache full:https://registry.npmjs.org/v8-compile-cache-lib cache-miss
468 http cache https://registry.npmjs.org/diff 40ms (cache hit)
469 silly packumentCache full:https://registry.npmjs.org/diff set size:154400 disposed:false
470 silly fetch manifest @cspotcode/source-map-support@^0.8.0
471 silly packumentCache full:https://registry.npmjs.org/@cspotcode%2fsource-map-support cache-miss
472 http cache https://registry.npmjs.org/arg 44ms (cache hit)
473 silly packumentCache full:https://registry.npmjs.org/arg set size:67036 disposed:false
474 silly fetch manifest chokidar@^3.5.1
475 silly packumentCache full:https://registry.npmjs.org/chokidar cache-miss
476 http cache https://registry.npmjs.org/make-error 37ms (cache hit)
477 silly packumentCache full:https://registry.npmjs.org/make-error set size:45218 disposed:false
478 silly fetch manifest dynamic-dedupe@^0.3.0
479 silly packumentCache full:https://registry.npmjs.org/dynamic-dedupe cache-miss
480 http cache https://registry.npmjs.org/acorn 44ms (cache hit)
481 silly packumentCache full:https://registry.npmjs.org/acorn set size:383439 disposed:false
482 silly fetch manifest minimist@^1.2.6
483 silly packumentCache full:https://registry.npmjs.org/minimist cache-miss
484 http cache https://registry.npmjs.org/acorn-walk 48ms (cache hit)
485 silly packumentCache full:https://registry.npmjs.org/acorn-walk set size:49813 disposed:false
486 silly fetch manifest mkdirp@^1.0.4
487 silly packumentCache full:https://registry.npmjs.org/mkdirp cache-miss
488 http cache https://registry.npmjs.org/create-require 46ms (cache hit)
489 silly packumentCache full:https://registry.npmjs.org/create-require set size:20551 disposed:false
490 silly fetch manifest resolve@^1.0.0
491 silly packumentCache full:https://registry.npmjs.org/resolve cache-miss
492 http cache https://registry.npmjs.org/@tsconfig%2fnode10 42ms (cache hit)
493 silly packumentCache full:https://registry.npmjs.org/@tsconfig%2fnode10 set size:28551 disposed:false
494 silly fetch manifest rimraf@^2.6.1
495 silly packumentCache full:https://registry.npmjs.org/rimraf cache-miss
496 http cache https://registry.npmjs.org/@tsconfig%2fnode14 39ms (cache hit)
497 silly packumentCache full:https://registry.npmjs.org/@tsconfig%2fnode14 set size:25627 disposed:false
498 silly fetch manifest source-map-support@^0.5.12
499 silly packumentCache full:https://registry.npmjs.org/source-map-support cache-miss
500 http cache https://registry.npmjs.org/v8-compile-cache-lib 34ms (cache hit)
501 silly packumentCache full:https://registry.npmjs.org/v8-compile-cache-lib set size:8746 disposed:false
502 silly fetch manifest tree-kill@^1.2.2
503 silly packumentCache full:https://registry.npmjs.org/tree-kill cache-miss
504 http cache https://registry.npmjs.org/@cspotcode%2fsource-map-support 32ms (cache hit)
505 silly packumentCache full:https://registry.npmjs.org/@cspotcode%2fsource-map-support set size:30214 disposed:false
506 silly fetch manifest tsconfig@^7.0.0
507 silly packumentCache full:https://registry.npmjs.org/tsconfig cache-miss
508 http cache https://registry.npmjs.org/@tsconfig%2fnode12 43ms (cache hit)
509 silly packumentCache full:https://registry.npmjs.org/@tsconfig%2fnode12 set size:40496 disposed:false
510 silly fetch manifest async@^3.2.3
511 silly packumentCache full:https://registry.npmjs.org/async cache-miss
512 http cache https://registry.npmjs.org/@tsconfig%2fnode16 39ms (cache hit)
513 silly packumentCache full:https://registry.npmjs.org/@tsconfig%2fnode16 set size:26898 disposed:false
514 silly fetch manifest logform@^2.7.0
515 silly packumentCache full:https://registry.npmjs.org/logform cache-miss
516 http cache https://registry.npmjs.org/chokidar 35ms (cache hit)
517 silly packumentCache full:https://registry.npmjs.org/chokidar set size:255902 disposed:false
518 silly fetch manifest one-time@^1.0.0
519 silly packumentCache full:https://registry.npmjs.org/one-time cache-miss
520 http cache https://registry.npmjs.org/dynamic-dedupe 35ms (cache hit)
521 silly packumentCache full:https://registry.npmjs.org/dynamic-dedupe set size:10666 disposed:false
522 silly fetch manifest is-stream@^2.0.0
523 silly packumentCache full:https://registry.npmjs.org/is-stream cache-miss
524 http cache https://registry.npmjs.org/minimist 29ms (cache hit)
525 silly packumentCache full:https://registry.npmjs.org/minimist set size:77063 disposed:false
526 silly fetch manifest stack-trace@0.0.x
527 silly packumentCache full:https://registry.npmjs.org/stack-trace cache-miss
528 http cache https://registry.npmjs.org/mkdirp 31ms (cache hit)
529 silly packumentCache full:https://registry.npmjs.org/mkdirp set size:116415 disposed:false
530 silly fetch manifest triple-beam@^1.3.0
531 silly packumentCache full:https://registry.npmjs.org/triple-beam cache-miss
532 http cache https://registry.npmjs.org/resolve 30ms (cache hit)
533 silly packumentCache full:https://registry.npmjs.org/resolve set size:244568 disposed:false
534 silly fetch manifest @colors/colors@^1.6.0
535 silly packumentCache full:https://registry.npmjs.org/@colors%2fcolors cache-miss
536 http cache https://registry.npmjs.org/rimraf 32ms (cache hit)
537 silly packumentCache full:https://registry.npmjs.org/rimraf set size:212626 disposed:false
538 silly fetch manifest readable-stream@^3.4.0
539 silly packumentCache full:https://registry.npmjs.org/readable-stream cache-miss
540 http cache https://registry.npmjs.org/async 31ms (cache hit)
541 silly packumentCache full:https://registry.npmjs.org/async set size:230482 disposed:false
542 silly fetch manifest @dabh/diagnostics@^2.0.8
543 silly packumentCache full:https://registry.npmjs.org/@dabh%2fdiagnostics cache-miss
544 http cache https://registry.npmjs.org/source-map-support 39ms (cache hit)
545 silly packumentCache full:https://registry.npmjs.org/source-map-support set size:125488 disposed:false
546 silly fetch manifest winston-transport@^4.9.0
547 silly packumentCache full:https://registry.npmjs.org/winston-transport cache-miss
548 http cache https://registry.npmjs.org/tree-kill 38ms (cache hit)
549 silly packumentCache full:https://registry.npmjs.org/tree-kill set size:24180 disposed:false
550 silly fetch manifest safe-stable-stringify@^2.3.1
551 silly packumentCache full:https://registry.npmjs.org/safe-stable-stringify cache-miss
552 http cache https://registry.npmjs.org/tsconfig 39ms (cache hit)
553 silly packumentCache full:https://registry.npmjs.org/tsconfig set size:51634 disposed:false
554 http cache https://registry.npmjs.org/one-time 34ms (cache hit)
555 silly packumentCache full:https://registry.npmjs.org/one-time set size:12254 disposed:false
556 http cache https://registry.npmjs.org/logform 37ms (cache hit)
557 silly packumentCache full:https://registry.npmjs.org/logform set size:101534 disposed:false
558 http cache https://registry.npmjs.org/is-stream 34ms (cache hit)
559 silly packumentCache full:https://registry.npmjs.org/is-stream set size:18582 disposed:false
560 http cache https://registry.npmjs.org/@colors%2fcolors 26ms (cache hit)
561 silly packumentCache full:https://registry.npmjs.org/@colors%2fcolors set size:12042 disposed:false
562 http cache https://registry.npmjs.org/stack-trace 33ms (cache hit)
563 silly packumentCache full:https://registry.npmjs.org/stack-trace set size:26046 disposed:false
564 http cache https://registry.npmjs.org/triple-beam 32ms (cache hit)
565 silly packumentCache full:https://registry.npmjs.org/triple-beam set size:15133 disposed:false
566 http cache https://registry.npmjs.org/winston-transport 20ms (cache hit)
567 silly packumentCache full:https://registry.npmjs.org/winston-transport set size:60135 disposed:false
568 http cache https://registry.npmjs.org/safe-stable-stringify 20ms (cache hit)
569 silly packumentCache full:https://registry.npmjs.org/safe-stable-stringify set size:45091 disposed:false
570 http cache https://registry.npmjs.org/@dabh%2fdiagnostics 23ms (cache hit)
571 silly packumentCache full:https://registry.npmjs.org/@dabh%2fdiagnostics set size:34310 disposed:false
572 http cache https://registry.npmjs.org/readable-stream 29ms (cache hit)
573 silly packumentCache full:https://registry.npmjs.org/readable-stream set size:261096 disposed:false
574 silly placeDep ROOT @types/body-parser@1.19.6 OK for: @types/express@4.17.25 want: *
575 silly placeDep ROOT @types/express-serve-static-core@4.19.9 OK for: @types/express@4.17.25 want: ^4.17.33
576 silly placeDep ROOT @types/qs@6.15.1 OK for: @types/express@4.17.25 want: *
577 silly placeDep ROOT @types/serve-static@1.15.10 OK for: @types/express@4.17.25 want: ^1
578 silly fetch manifest @types/connect@*
579 silly packumentCache full:https://registry.npmjs.org/@types%2fconnect cache-miss
580 silly fetch manifest @types/send@*
581 silly packumentCache full:https://registry.npmjs.org/@types%2fsend cache-miss
582 silly fetch manifest @types/range-parser@*
583 silly packumentCache full:https://registry.npmjs.org/@types%2frange-parser cache-miss
584 silly fetch manifest @types/send@<1
585 silly packumentCache full:https://registry.npmjs.org/@types%2fsend cache-miss
586 silly fetch manifest @types/http-errors@*
587 silly packumentCache full:https://registry.npmjs.org/@types%2fhttp-errors cache-miss
588 http cache https://registry.npmjs.org/@types%2fhttp-errors 8ms (cache hit)
589 silly packumentCache full:https://registry.npmjs.org/@types%2fhttp-errors set size:48994 disposed:false
590 http cache https://registry.npmjs.org/@types%2fconnect 10ms (cache hit)
591 silly packumentCache full:https://registry.npmjs.org/@types%2fconnect set size:31512 disposed:false
592 http cache https://registry.npmjs.org/@types%2fsend 11ms (cache hit)
593 silly packumentCache full:https://registry.npmjs.org/@types%2fsend set size:29985 disposed:false
594 http cache https://registry.npmjs.org/@types%2frange-parser 11ms (cache hit)
595 silly packumentCache full:https://registry.npmjs.org/@types%2frange-parser set size:15278 disposed:false
596 http cache https://registry.npmjs.org/@types%2fsend 12ms (cache hit)
597 silly packumentCache full:https://registry.npmjs.org/@types%2fsend set size:29985 disposed:false
598 silly packumentCache full:https://registry.npmjs.org/@types%2fsend dispose
599 silly placeDep ROOT @types/connect@3.4.38 OK for: @types/body-parser@1.19.6 want: *
600 silly placeDep ROOT @types/range-parser@1.2.7 OK for: @types/express-serve-static-core@4.19.9 want: *
601 silly placeDep ROOT @types/send@1.2.1 OK for: @types/express-serve-static-core@4.19.9 want: *
602 silly placeDep ROOT @types/ms@2.1.0 OK for: @types/jsonwebtoken@9.0.10 want: *
603 silly placeDep ROOT undici-types@6.21.0 OK for: @types/node@20.19.43 want: ~6.21.0
604 silly placeDep ROOT pg-protocol@1.16.0 OK for: @types/pg@8.23.1 want: *
605 silly placeDep ROOT pg-types@2.2.0 OK for: @types/pg@8.23.1 want: ^2.2.0
606 silly fetch manifest pg-int8@1.0.1
607 silly packumentCache full:https://registry.npmjs.org/pg-int8 cache-miss
608 silly fetch manifest postgres-date@~1.0.4
609 silly packumentCache full:https://registry.npmjs.org/postgres-date cache-miss
610 silly fetch manifest postgres-array@~2.0.0
611 silly packumentCache full:https://registry.npmjs.org/postgres-array cache-miss
612 silly fetch manifest postgres-bytea@~1.0.0
613 silly packumentCache full:https://registry.npmjs.org/postgres-bytea cache-miss
614 silly fetch manifest postgres-interval@^1.1.0
615 silly packumentCache full:https://registry.npmjs.org/postgres-interval cache-miss
616 http cache https://registry.npmjs.org/postgres-date 9ms (cache hit)
617 silly packumentCache full:https://registry.npmjs.org/postgres-date set size:27126 disposed:false
618 http cache https://registry.npmjs.org/postgres-array 10ms (cache hit)
619 silly packumentCache full:https://registry.npmjs.org/postgres-array set size:21967 disposed:false
620 http cache https://registry.npmjs.org/postgres-bytea 11ms (cache hit)
621 silly packumentCache full:https://registry.npmjs.org/postgres-bytea set size:8854 disposed:false
622 http cache https://registry.npmjs.org/pg-int8 11ms (cache hit)
623 silly packumentCache full:https://registry.npmjs.org/pg-int8 set size:3652 disposed:false
624 http cache https://registry.npmjs.org/postgres-interval 11ms (cache hit)
625 silly packumentCache full:https://registry.npmjs.org/postgres-interval set size:33033 disposed:false
626 silly placeDep ROOT @types/http-errors@2.0.5 OK for: @types/serve-static@1.15.10 want: *
627 silly placeDep node_modules/@types/serve-static @types/send@0.17.6 OK for: @types/serve-static@1.15.10 want: <1
628 silly fetch manifest @types/mime@^1
629 silly packumentCache full:https://registry.npmjs.org/@types%2fmime cache-miss
630 http cache https://registry.npmjs.org/@types%2fmime 6ms (cache hit)
631 silly packumentCache full:https://registry.npmjs.org/@types%2fmime set size:43242 disposed:false
632 silly placeDep ROOT cron-parser@4.9.0 OK for: bullmq@5.81.3 want: 4.9.0
633 silly placeDep ROOT ioredis@5.11.1 OK for: bullmq@5.81.3 want: 5.11.1
634 silly placeDep ROOT msgpackr@2.0.5 OK for: bullmq@5.81.3 want: 2.0.5
635 silly placeDep ROOT node-abort-controller@3.1.1 OK for: bullmq@5.81.3 want: 3.1.1
636 silly placeDep ROOT semver@7.8.5 OK for: bullmq@5.81.3 want: 7.8.5
637 silly placeDep ROOT tslib@2.8.1 OK for: bullmq@5.81.3 want: 2.8.1
638 silly fetch manifest luxon@^3.2.1
639 silly packumentCache full:https://registry.npmjs.org/luxon cache-miss
640 silly fetch manifest debug@4.4.3
641 silly packumentCache full:https://registry.npmjs.org/debug cache-hit
642 silly fetch manifest denque@2.1.0
643 silly packumentCache full:https://registry.npmjs.org/denque cache-miss
644 silly fetch manifest redis-errors@1.2.0
645 silly packumentCache full:https://registry.npmjs.org/redis-errors cache-miss
646 silly fetch manifest redis-parser@3.0.0
647 silly packumentCache full:https://registry.npmjs.org/redis-parser cache-miss
648 silly fetch manifest cluster-key-slot@1.1.1
649 silly packumentCache full:https://registry.npmjs.org/cluster-key-slot cache-miss
650 silly fetch manifest @ioredis/commands@1.10.0
651 silly packumentCache full:https://registry.npmjs.org/@ioredis%2fcommands cache-miss
652 silly fetch manifest standard-as-callback@2.1.0
653 silly packumentCache full:https://registry.npmjs.org/standard-as-callback cache-miss
654 silly fetch manifest msgpackr-extract@^3.0.4
655 silly packumentCache full:https://registry.npmjs.org/msgpackr-extract cache-miss
656 http fetch GET 200 https://registry.npmjs.org/redis-parser 584ms (cache miss)
657 silly packumentCache full:https://registry.npmjs.org/redis-parser set size:undefined disposed:false
658 http fetch GET 200 https://registry.npmjs.org/@ioredis%2fcommands 740ms (cache miss)
659 silly packumentCache full:https://registry.npmjs.org/@ioredis%2fcommands set size:undefined disposed:false
660 http fetch GET 200 https://registry.npmjs.org/cluster-key-slot 917ms (cache miss)
661 silly packumentCache full:https://registry.npmjs.org/cluster-key-slot set size:undefined disposed:false
662 http fetch GET 200 https://registry.npmjs.org/redis-errors 944ms (cache miss)
663 silly packumentCache full:https://registry.npmjs.org/redis-errors set size:undefined disposed:false
664 http fetch GET 200 https://registry.npmjs.org/standard-as-callback 1275ms (cache miss)
665 silly packumentCache full:https://registry.npmjs.org/standard-as-callback set size:undefined disposed:false
666 http fetch GET 200 https://registry.npmjs.org/denque 1334ms (cache miss)
667 silly packumentCache full:https://registry.npmjs.org/denque set size:undefined disposed:false
668 http fetch GET 200 https://registry.npmjs.org/msgpackr-extract 1338ms (cache miss)
669 silly packumentCache full:https://registry.npmjs.org/msgpackr-extract set size:undefined disposed:false
670 http fetch GET 200 https://registry.npmjs.org/luxon 1521ms (cache miss)
671 silly packumentCache full:https://registry.npmjs.org/luxon set size:undefined disposed:false
672 silly placeDep ROOT object-assign@4.1.1 OK for: cors@2.8.6 want: ^4
673 silly placeDep ROOT vary@1.1.2 OK for: cors@2.8.6 want: ^1
674 silly placeDep ROOT luxon@3.7.2 OK for: cron-parser@4.9.0 want: ^3.2.1
675 silly placeDep ROOT accepts@1.3.8 OK for: express@4.22.2 want: ~1.3.8
676 silly placeDep ROOT array-flatten@1.1.1 OK for: express@4.22.2 want: 1.1.1
677 silly placeDep ROOT body-parser@1.20.6 OK for: express@4.22.2 want: ~1.20.5
678 silly placeDep ROOT content-disposition@0.5.4 OK for: express@4.22.2 want: ~0.5.4
679 silly placeDep ROOT content-type@1.0.5 OK for: express@4.22.2 want: ~1.0.4
680 silly placeDep ROOT cookie@0.7.2 OK for: express@4.22.2 want: ~0.7.1
681 silly placeDep ROOT cookie-signature@1.0.7 OK for: express@4.22.2 want: ~1.0.6
682 silly placeDep ROOT debug@2.6.9 OK for: express@4.22.2 want: 2.6.9
683 silly placeDep ROOT depd@2.0.0 OK for: express@4.22.2 want: 2.0.0
684 silly placeDep ROOT encodeurl@2.0.0 OK for: express@4.22.2 want: ~2.0.0
685 silly placeDep ROOT escape-html@1.0.3 OK for: express@4.22.2 want: ~1.0.3
686 silly placeDep ROOT etag@1.8.1 OK for: express@4.22.2 want: ~1.8.1
687 silly placeDep ROOT finalhandler@1.3.2 OK for: express@4.22.2 want: ~1.3.1
688 silly placeDep ROOT fresh@0.5.2 OK for: express@4.22.2 want: ~0.5.2
689 silly placeDep ROOT http-errors@2.0.1 OK for: express@4.22.2 want: ~2.0.0
690 silly placeDep ROOT merge-descriptors@1.0.3 OK for: express@4.22.2 want: 1.0.3
691 silly placeDep ROOT methods@1.1.2 OK for: express@4.22.2 want: ~1.1.2
692 silly placeDep ROOT on-finished@2.4.1 OK for: express@4.22.2 want: ~2.4.1
693 silly placeDep ROOT parseurl@1.3.3 OK for: express@4.22.2 want: ~1.3.3
694 silly placeDep ROOT path-to-regexp@0.1.13 OK for: express@4.22.2 want: ~0.1.12
695 silly placeDep ROOT proxy-addr@2.0.7 OK for: express@4.22.2 want: ~2.0.7
696 silly placeDep ROOT qs@6.15.3 OK for: express@4.22.2 want: ~6.15.1
697 silly placeDep ROOT range-parser@1.2.1 OK for: express@4.22.2 want: ~1.2.1
698 silly placeDep ROOT safe-buffer@5.2.1 OK for: express@4.22.2 want: 5.2.1
699 silly placeDep ROOT send@0.19.2 OK for: express@4.22.2 want: ~0.19.0
700 silly placeDep ROOT serve-static@1.16.3 OK for: express@4.22.2 want: ~1.16.2
701 silly placeDep ROOT setprototypeof@1.2.0 OK for: express@4.22.2 want: 1.2.0
702 silly placeDep ROOT statuses@2.0.2 OK for: express@4.22.2 want: ~2.0.1
703 silly placeDep ROOT type-is@1.6.18 OK for: express@4.22.2 want: ~1.6.18
704 silly placeDep ROOT utils-merge@1.0.1 OK for: express@4.22.2 want: 1.0.1
705 silly fetch manifest mime-types@~2.1.34
706 silly packumentCache full:https://registry.npmjs.org/mime-types cache-miss
707 silly fetch manifest negotiator@0.6.3
708 silly packumentCache full:https://registry.npmjs.org/negotiator cache-miss
709 silly fetch manifest bytes@~3.1.2
710 silly packumentCache full:https://registry.npmjs.org/bytes cache-miss
711 silly fetch manifest unpipe@~1.0.0
712 silly packumentCache full:https://registry.npmjs.org/unpipe cache-miss
713 silly fetch manifest destroy@~1.2.0
714 silly packumentCache full:https://registry.npmjs.org/destroy cache-miss
715 silly fetch manifest raw-body@~2.5.3
716 silly packumentCache full:https://registry.npmjs.org/raw-body cache-miss
717 silly fetch manifest iconv-lite@~0.4.24
718 silly packumentCache full:https://registry.npmjs.org/iconv-lite cache-miss
719 silly fetch manifest http-errors@~2.0.1
720 silly packumentCache full:https://registry.npmjs.org/http-errors cache-hit
721 silly fetch manifest content-type@~1.0.5
722 silly packumentCache full:https://registry.npmjs.org/content-type cache-hit
723 silly fetch manifest ms@2.0.0
724 silly packumentCache full:https://registry.npmjs.org/ms cache-hit
725 silly fetch manifest unpipe@~1.0.0
726 silly packumentCache full:https://registry.npmjs.org/unpipe cache-miss
727 silly fetch manifest statuses@~2.0.2
728 silly packumentCache full:https://registry.npmjs.org/statuses cache-hit
729 silly fetch manifest inherits@~2.0.4
730 silly packumentCache full:https://registry.npmjs.org/inherits cache-miss
731 silly fetch manifest setprototypeof@~1.2.0
732 silly packumentCache full:https://registry.npmjs.org/setprototypeof cache-hit
733 silly fetch manifest toidentifier@~1.0.1
734 silly packumentCache full:https://registry.npmjs.org/toidentifier cache-miss
735 silly fetch manifest ee-first@1.1.1
736 silly packumentCache full:https://registry.npmjs.org/ee-first cache-miss
737 http fetch GET 200 https://registry.npmjs.org/bytes 178ms (cache miss)
738 silly packumentCache full:https://registry.npmjs.org/bytes set size:undefined disposed:false
739 silly fetch manifest forwarded@0.2.0
740 silly packumentCache full:https://registry.npmjs.org/forwarded cache-miss
741 http fetch GET 200 https://registry.npmjs.org/negotiator 207ms (cache miss)
742 silly packumentCache full:https://registry.npmjs.org/negotiator set size:undefined disposed:false
743 silly fetch manifest ipaddr.js@1.9.1
744 silly packumentCache full:https://registry.npmjs.org/ipaddr.js cache-miss
745 http fetch GET 200 https://registry.npmjs.org/mime-types 223ms (cache miss)
746 silly packumentCache full:https://registry.npmjs.org/mime-types set size:undefined disposed:false
747 silly fetch manifest side-channel@^1.1.1
748 silly packumentCache full:https://registry.npmjs.org/side-channel cache-miss
749 http fetch GET 200 https://registry.npmjs.org/unpipe 231ms (cache miss)
750 silly packumentCache full:https://registry.npmjs.org/unpipe set size:undefined disposed:false
751 silly fetch manifest es-define-property@^1.0.1
752 silly packumentCache full:https://registry.npmjs.org/es-define-property cache-miss
753 http fetch GET 200 https://registry.npmjs.org/destroy 251ms (cache miss)
754 silly packumentCache full:https://registry.npmjs.org/destroy set size:undefined disposed:false
755 silly fetch manifest ms@2.1.3
756 silly packumentCache full:https://registry.npmjs.org/ms cache-hit
757 silly fetch manifest mime@1.6.0
758 silly packumentCache full:https://registry.npmjs.org/mime cache-miss
759 http fetch GET 200 https://registry.npmjs.org/unpipe 438ms (cache miss)
760 silly packumentCache full:https://registry.npmjs.org/unpipe set size:undefined disposed:false
761 silly fetch manifest destroy@1.2.0
762 silly packumentCache full:https://registry.npmjs.org/destroy cache-miss
763 http cache https://registry.npmjs.org/destroy 6ms (cache hit)
764 silly packumentCache full:https://registry.npmjs.org/destroy set size:15738 disposed:false
765 silly fetch manifest mime-types@~2.1.24
766 silly packumentCache full:https://registry.npmjs.org/mime-types cache-miss
767 http cache https://registry.npmjs.org/mime-types 6ms (cache hit)
768 silly packumentCache full:https://registry.npmjs.org/mime-types set size:139110 disposed:false
769 silly fetch manifest media-typer@0.3.0
770 silly packumentCache full:https://registry.npmjs.org/media-typer cache-miss
771 http fetch GET 200 https://registry.npmjs.org/raw-body 461ms (cache miss)
772 silly packumentCache full:https://registry.npmjs.org/raw-body set size:undefined disposed:false
773 http fetch GET 200 https://registry.npmjs.org/forwarded 311ms (cache miss)
774 silly packumentCache full:https://registry.npmjs.org/forwarded set size:undefined disposed:false
775 http fetch GET 200 https://registry.npmjs.org/side-channel 391ms (cache miss)
776 silly packumentCache full:https://registry.npmjs.org/side-channel set size:undefined disposed:false
777 http fetch GET 200 https://registry.npmjs.org/ipaddr.js 432ms (cache miss)
778 silly packumentCache full:https://registry.npmjs.org/ipaddr.js set size:undefined disposed:false
779 http fetch GET 200 https://registry.npmjs.org/es-define-property 430ms (cache miss)
780 silly packumentCache full:https://registry.npmjs.org/es-define-property set size:undefined disposed:false
781 http fetch GET 200 https://registry.npmjs.org/iconv-lite 789ms (cache miss)
782 silly packumentCache full:https://registry.npmjs.org/iconv-lite set size:undefined disposed:false
783 http fetch GET 200 https://registry.npmjs.org/media-typer 365ms (cache miss)
784 silly packumentCache full:https://registry.npmjs.org/media-typer set size:undefined disposed:false
785 http fetch GET 200 https://registry.npmjs.org/mime 625ms (cache miss)
786 silly packumentCache full:https://registry.npmjs.org/mime set size:undefined disposed:false
787 http fetch GET 200 https://registry.npmjs.org/inherits 968ms (cache miss)
788 silly packumentCache full:https://registry.npmjs.org/inherits set size:undefined disposed:false
789 http fetch GET 200 https://registry.npmjs.org/ee-first 968ms (cache miss)
790 silly packumentCache full:https://registry.npmjs.org/ee-first set size:undefined disposed:false
791 http fetch GET 200 https://registry.npmjs.org/toidentifier 990ms (cache miss)
792 silly packumentCache full:https://registry.npmjs.org/toidentifier set size:undefined disposed:false
793 silly placeDep ROOT mime-types@2.1.35 OK for: accepts@1.3.8 want: ~2.1.34
794 silly placeDep ROOT negotiator@0.6.3 OK for: accepts@1.3.8 want: 0.6.3
795 silly fetch manifest mime-db@1.52.0
796 silly packumentCache full:https://registry.npmjs.org/mime-db cache-miss
797 http fetch GET 200 https://registry.npmjs.org/mime-db 205ms (cache miss)
798 silly packumentCache full:https://registry.npmjs.org/mime-db set size:undefined disposed:false
799 silly placeDep ROOT bytes@3.1.2 OK for: body-parser@1.20.6 want: ~3.1.2
800 silly placeDep ROOT destroy@1.2.0 OK for: body-parser@1.20.6 want: ~1.2.0
801 silly placeDep ROOT iconv-lite@0.4.24 OK for: body-parser@1.20.6 want: ~0.4.24
802 silly placeDep ROOT raw-body@2.5.3 OK for: body-parser@1.20.6 want: ~2.5.3
803 silly placeDep ROOT unpipe@1.0.0 OK for: body-parser@1.20.6 want: ~1.0.0
804 silly fetch manifest safer-buffer@>= 2.1.2 < 3
805 silly packumentCache full:https://registry.npmjs.org/safer-buffer cache-miss
806 http fetch GET 200 https://registry.npmjs.org/safer-buffer 127ms (cache miss)
807 silly packumentCache full:https://registry.npmjs.org/safer-buffer set size:undefined disposed:false
808 silly placeDep ROOT ms@2.0.0 OK for: debug@2.6.9 want: 2.0.0
809 silly placeDep ROOT inherits@2.0.4 OK for: http-errors@2.0.1 want: ~2.0.4
810 silly placeDep ROOT toidentifier@1.0.1 OK for: http-errors@2.0.1 want: ~1.0.1
811 silly placeDep ROOT safer-buffer@2.1.2 OK for: iconv-lite@0.4.24 want: >= 2.1.2 < 3
812 silly placeDep ROOT @ioredis/commands@1.10.0 OK for: ioredis@5.11.1 want: 1.10.0
813 silly placeDep ROOT cluster-key-slot@1.1.1 OK for: ioredis@5.11.1 want: 1.1.1
814 silly placeDep node_modules/ioredis debug@4.4.3 OK for: ioredis@5.11.1 want: 4.4.3
815 silly placeDep ROOT denque@2.1.0 OK for: ioredis@5.11.1 want: 2.1.0
816 silly placeDep ROOT redis-errors@1.2.0 OK for: ioredis@5.11.1 want: 1.2.0
817 silly placeDep ROOT redis-parser@3.0.0 OK for: ioredis@5.11.1 want: 3.0.0
818 silly placeDep ROOT standard-as-callback@2.1.0 OK for: ioredis@5.11.1 want: 2.1.0
819 silly fetch manifest ms@^2.1.3
820 silly packumentCache full:https://registry.npmjs.org/ms cache-hit
821 silly placeDep ROOT jws@4.0.1 OK for: jsonwebtoken@9.0.3 want: ^4.0.1
822 silly placeDep ROOT lodash.includes@4.3.0 OK for: jsonwebtoken@9.0.3 want: ^4.3.0
823 silly placeDep ROOT lodash.isboolean@3.0.3 OK for: jsonwebtoken@9.0.3 want: ^3.0.3
824 silly placeDep ROOT lodash.isinteger@4.0.4 OK for: jsonwebtoken@9.0.3 want: ^4.0.4
825 silly placeDep ROOT lodash.isnumber@3.0.3 OK for: jsonwebtoken@9.0.3 want: ^3.0.3
826 silly placeDep ROOT lodash.isplainobject@4.0.6 OK for: jsonwebtoken@9.0.3 want: ^4.0.6
827 silly placeDep ROOT lodash.isstring@4.0.1 OK for: jsonwebtoken@9.0.3 want: ^4.0.1
828 silly placeDep ROOT lodash.once@4.1.1 OK for: jsonwebtoken@9.0.3 want: ^4.0.0
829 silly placeDep node_modules/jsonwebtoken ms@2.1.3 OK for: jsonwebtoken@9.0.3 want: ^2.1.1
830 silly fetch manifest jwa@^2.0.1
831 silly packumentCache full:https://registry.npmjs.org/jwa cache-miss
832 http fetch GET 200 https://registry.npmjs.org/jwa 97ms (cache miss)
833 silly packumentCache full:https://registry.npmjs.org/jwa set size:undefined disposed:false
834 silly placeDep ROOT jwa@2.0.1 OK for: jws@4.0.1 want: ^2.0.1
835 silly fetch manifest ecdsa-sig-formatter@1.0.11
836 silly packumentCache full:https://registry.npmjs.org/ecdsa-sig-formatter cache-miss
837 silly fetch manifest buffer-equal-constant-time@^1.0.1
838 silly packumentCache full:https://registry.npmjs.org/buffer-equal-constant-time cache-miss
839 http fetch GET 200 https://registry.npmjs.org/ecdsa-sig-formatter 95ms (cache miss)
840 silly packumentCache full:https://registry.npmjs.org/ecdsa-sig-formatter set size:undefined disposed:false
841 http fetch GET 200 https://registry.npmjs.org/buffer-equal-constant-time 97ms (cache miss)
842 silly packumentCache full:https://registry.npmjs.org/buffer-equal-constant-time set size:undefined disposed:false
843 silly placeDep ROOT buffer-equal-constant-time@1.0.1 OK for: jwa@2.0.1 want: ^1.0.1
844 silly placeDep ROOT ecdsa-sig-formatter@1.0.11 OK for: jwa@2.0.1 want: 1.0.11
845 silly placeDep ROOT mime-db@1.52.0 OK for: mime-types@2.1.35 want: 1.52.0
846 silly placeDep ROOT msgpackr-extract@3.0.4 OK for: msgpackr@2.0.5 want: ^3.0.4
847 silly fetch manifest node-gyp-build-optional-packages@5.2.2
848 silly packumentCache full:https://registry.npmjs.org/node-gyp-build-optional-packages cache-miss
849 silly fetch manifest @msgpackr-extract/msgpackr-extract-darwin-arm64@3.0.4
850 silly packumentCache full:https://registry.npmjs.org/@msgpackr-extract%2fmsgpackr-extract-darwin-arm64 cache-miss
851 silly fetch manifest @msgpackr-extract/msgpackr-extract-darwin-x64@3.0.4
852 silly packumentCache full:https://registry.npmjs.org/@msgpackr-extract%2fmsgpackr-extract-darwin-x64 cache-miss
853 silly fetch manifest @msgpackr-extract/msgpackr-extract-linux-arm@3.0.4
854 silly packumentCache full:https://registry.npmjs.org/@msgpackr-extract%2fmsgpackr-extract-linux-arm cache-miss
855 silly fetch manifest @msgpackr-extract/msgpackr-extract-linux-arm64@3.0.4
856 silly packumentCache full:https://registry.npmjs.org/@msgpackr-extract%2fmsgpackr-extract-linux-arm64 cache-miss
857 silly fetch manifest @msgpackr-extract/msgpackr-extract-linux-x64@3.0.4
858 silly packumentCache full:https://registry.npmjs.org/@msgpackr-extract%2fmsgpackr-extract-linux-x64 cache-miss
859 silly fetch manifest @msgpackr-extract/msgpackr-extract-win32-x64@3.0.4
860 silly packumentCache full:https://registry.npmjs.org/@msgpackr-extract%2fmsgpackr-extract-win32-x64 cache-miss
861 http fetch GET 200 https://registry.npmjs.org/node-gyp-build-optional-packages 117ms (cache miss)
862 silly packumentCache full:https://registry.npmjs.org/node-gyp-build-optional-packages set size:undefined disposed:false
863 http fetch GET 200 https://registry.npmjs.org/@msgpackr-extract%2fmsgpackr-extract-darwin-x64 162ms (cache miss)
864 silly packumentCache full:https://registry.npmjs.org/@msgpackr-extract%2fmsgpackr-extract-darwin-x64 set size:undefined disposed:false
865 http fetch GET 200 https://registry.npmjs.org/@msgpackr-extract%2fmsgpackr-extract-darwin-arm64 196ms (cache miss)
866 silly packumentCache full:https://registry.npmjs.org/@msgpackr-extract%2fmsgpackr-extract-darwin-arm64 set size:undefined disposed:false
867 http fetch GET 200 https://registry.npmjs.org/@msgpackr-extract%2fmsgpackr-extract-linux-arm 212ms (cache miss)
868 silly packumentCache full:https://registry.npmjs.org/@msgpackr-extract%2fmsgpackr-extract-linux-arm set size:undefined disposed:false
869 http fetch GET 200 https://registry.npmjs.org/@msgpackr-extract%2fmsgpackr-extract-linux-arm64 233ms (cache miss)
870 silly packumentCache full:https://registry.npmjs.org/@msgpackr-extract%2fmsgpackr-extract-linux-arm64 set size:undefined disposed:false
871 http fetch GET 200 https://registry.npmjs.org/@msgpackr-extract%2fmsgpackr-extract-win32-x64 304ms (cache miss)
872 silly packumentCache full:https://registry.npmjs.org/@msgpackr-extract%2fmsgpackr-extract-win32-x64 set size:undefined disposed:false
873 http fetch GET 200 https://registry.npmjs.org/@msgpackr-extract%2fmsgpackr-extract-linux-x64 318ms (cache miss)
874 silly packumentCache full:https://registry.npmjs.org/@msgpackr-extract%2fmsgpackr-extract-linux-x64 set size:undefined disposed:false
875 silly placeDep ROOT @msgpackr-extract/msgpackr-extract-darwin-arm64@3.0.4 OK for: msgpackr-extract@3.0.4 want: 3.0.4
876 silly placeDep ROOT @msgpackr-extract/msgpackr-extract-darwin-x64@3.0.4 OK for: msgpackr-extract@3.0.4 want: 3.0.4
877 silly placeDep ROOT @msgpackr-extract/msgpackr-extract-linux-arm@3.0.4 OK for: msgpackr-extract@3.0.4 want: 3.0.4
878 silly placeDep ROOT @msgpackr-extract/msgpackr-extract-linux-arm64@3.0.4 OK for: msgpackr-extract@3.0.4 want: 3.0.4
879 silly placeDep ROOT @msgpackr-extract/msgpackr-extract-linux-x64@3.0.4 OK for: msgpackr-extract@3.0.4 want: 3.0.4
880 silly placeDep ROOT @msgpackr-extract/msgpackr-extract-win32-x64@3.0.4 OK for: msgpackr-extract@3.0.4 want: 3.0.4
881 silly placeDep ROOT node-gyp-build-optional-packages@5.2.2 OK for: msgpackr-extract@3.0.4 want: 5.2.2
882 silly fetch manifest detect-libc@^2.0.1
883 silly packumentCache full:https://registry.npmjs.org/detect-libc cache-miss
884 http fetch GET 200 https://registry.npmjs.org/detect-libc 135ms (cache miss)
885 silly packumentCache full:https://registry.npmjs.org/detect-libc set size:undefined disposed:false
886 silly placeDep ROOT detect-libc@2.1.2 OK for: node-gyp-build-optional-packages@5.2.2 want: ^2.0.1
887 silly placeDep ROOT ee-first@1.1.1 OK for: on-finished@2.4.1 want: 1.1.1
888 silly placeDep ROOT pg-cloudflare@1.4.0 OK for: pg@8.23.0 want: ^1.4.0
889 silly placeDep ROOT pg-connection-string@2.14.0 OK for: pg@8.23.0 want: ^2.14.0
890 silly placeDep ROOT pg-pool@3.14.0 OK for: pg@8.23.0 want: ^3.14.0
891 silly placeDep ROOT pgpass@1.0.5 OK for: pg@8.23.0 want: 1.0.5
892 silly fetch manifest split2@^4.1.0
893 silly packumentCache full:https://registry.npmjs.org/split2 cache-miss
894 http fetch GET 200 https://registry.npmjs.org/split2 169ms (cache miss)
895 silly packumentCache full:https://registry.npmjs.org/split2 set size:undefined disposed:false
896 silly placeDep ROOT pg-int8@1.0.1 OK for: pg-types@2.2.0 want: 1.0.1
897 silly placeDep ROOT postgres-array@2.0.0 OK for: pg-types@2.2.0 want: ~2.0.0
898 silly placeDep ROOT postgres-bytea@1.0.1 OK for: pg-types@2.2.0 want: ~1.0.0
899 silly placeDep ROOT postgres-date@1.0.7 OK for: pg-types@2.2.0 want: ~1.0.4
900 silly placeDep ROOT postgres-interval@1.2.0 OK for: pg-types@2.2.0 want: ^1.1.0
901 silly fetch manifest xtend@^4.0.0
902 silly packumentCache full:https://registry.npmjs.org/xtend cache-miss
903 http fetch GET 200 https://registry.npmjs.org/xtend 124ms (cache miss)
904 silly packumentCache full:https://registry.npmjs.org/xtend set size:undefined disposed:false
905 silly placeDep ROOT split2@4.2.0 OK for: pgpass@1.0.5 want: ^4.1.0
906 silly placeDep ROOT xtend@4.0.2 OK for: postgres-interval@1.2.0 want: ^4.0.0
907 silly placeDep ROOT forwarded@0.2.0 OK for: proxy-addr@2.0.7 want: 0.2.0
908 silly placeDep ROOT ipaddr.js@1.9.1 OK for: proxy-addr@2.0.7 want: 1.9.1
909 silly placeDep ROOT es-define-property@1.0.1 OK for: qs@6.15.3 want: ^1.0.1
910 silly placeDep ROOT side-channel@1.1.1 OK for: qs@6.15.3 want: ^1.1.1
911 silly fetch manifest es-errors@^1.3.0
912 silly packumentCache full:https://registry.npmjs.org/es-errors cache-miss
913 silly fetch manifest object-inspect@^1.13.4
914 silly packumentCache full:https://registry.npmjs.org/object-inspect cache-miss
915 silly fetch manifest side-channel-list@^1.0.1
916 silly packumentCache full:https://registry.npmjs.org/side-channel-list cache-miss
917 silly fetch manifest side-channel-map@^1.0.1
918 silly packumentCache full:https://registry.npmjs.org/side-channel-map cache-miss
919 silly fetch manifest side-channel-weakmap@^1.0.2
920 silly packumentCache full:https://registry.npmjs.org/side-channel-weakmap cache-miss
921 http fetch GET 200 https://registry.npmjs.org/es-errors 81ms (cache miss)
922 silly packumentCache full:https://registry.npmjs.org/es-errors set size:undefined disposed:false
923 http fetch GET 200 https://registry.npmjs.org/object-inspect 121ms (cache miss)
924 silly packumentCache full:https://registry.npmjs.org/object-inspect set size:undefined disposed:false
925 http fetch GET 200 https://registry.npmjs.org/side-channel-weakmap 132ms (cache miss)
926 silly packumentCache full:https://registry.npmjs.org/side-channel-weakmap set size:undefined disposed:false
927 http fetch GET 200 https://registry.npmjs.org/side-channel-map 133ms (cache miss)
928 silly packumentCache full:https://registry.npmjs.org/side-channel-map set size:undefined disposed:false
929 http fetch GET 200 https://registry.npmjs.org/side-channel-list 144ms (cache miss)
930 silly packumentCache full:https://registry.npmjs.org/side-channel-list set size:undefined disposed:false
931 silly placeDep ROOT @redis/bloom@1.2.0 OK for: redis@4.7.1 want: 1.2.0
932 silly placeDep ROOT @redis/client@1.6.1 OK for: redis@4.7.1 want: 1.6.1
933 silly placeDep ROOT @redis/graph@1.1.1 OK for: redis@4.7.1 want: 1.1.1
934 silly placeDep ROOT @redis/json@1.0.7 OK for: redis@4.7.1 want: 1.0.7
935 silly placeDep ROOT @redis/search@1.2.0 OK for: redis@4.7.1 want: 1.2.0
936 silly placeDep ROOT @redis/time-series@1.1.0 OK for: redis@4.7.1 want: 1.1.0
937 silly fetch manifest yallist@4.0.0
938 silly packumentCache full:https://registry.npmjs.org/yallist cache-miss
939 silly fetch manifest generic-pool@3.9.0
940 silly packumentCache full:https://registry.npmjs.org/generic-pool cache-miss
941 silly fetch manifest cluster-key-slot@1.1.2
942 silly packumentCache full:https://registry.npmjs.org/cluster-key-slot cache-miss
943 http cache https://registry.npmjs.org/cluster-key-slot 6ms (cache hit)
944 silly packumentCache full:https://registry.npmjs.org/cluster-key-slot set size:44701 disposed:false
945 http fetch GET 200 https://registry.npmjs.org/yallist 318ms (cache miss)
946 silly packumentCache full:https://registry.npmjs.org/yallist set size:undefined disposed:false
947 http fetch GET 200 https://registry.npmjs.org/generic-pool 483ms (cache miss)
948 silly packumentCache full:https://registry.npmjs.org/generic-pool set size:undefined disposed:false
949 silly placeDep node_modules/@redis/client cluster-key-slot@1.1.2 OK for: @redis/client@1.6.1 want: 1.1.2
950 silly placeDep ROOT generic-pool@3.9.0 OK for: @redis/client@1.6.1 want: 3.9.0
951 silly placeDep ROOT yallist@4.0.0 OK for: @redis/client@1.6.1 want: 4.0.0
952 silly placeDep ROOT mime@1.6.0 OK for: send@0.19.2 want: 1.6.0
953 silly placeDep node_modules/send ms@2.1.3 OK for: send@0.19.2 want: 2.1.3
954 silly placeDep ROOT es-errors@1.3.0 OK for: side-channel@1.1.1 want: ^1.3.0
955 silly placeDep ROOT object-inspect@1.13.4 OK for: side-channel@1.1.1 want: ^1.13.4
956 silly placeDep ROOT side-channel-list@1.0.1 OK for: side-channel@1.1.1 want: ^1.0.1
957 silly placeDep ROOT side-channel-map@1.0.1 OK for: side-channel@1.1.1 want: ^1.0.1
958 silly placeDep ROOT side-channel-weakmap@1.0.2 OK for: side-channel@1.1.1 want: ^1.0.2
959 silly fetch manifest call-bound@^1.0.2
960 silly packumentCache full:https://registry.npmjs.org/call-bound cache-miss
961 silly fetch manifest get-intrinsic@^1.2.5
962 silly packumentCache full:https://registry.npmjs.org/get-intrinsic cache-miss
963 silly fetch manifest call-bound@^1.0.2
964 silly packumentCache full:https://registry.npmjs.org/call-bound cache-miss
965 silly fetch manifest get-intrinsic@^1.2.5
966 silly packumentCache full:https://registry.npmjs.org/get-intrinsic cache-miss
967 http fetch GET 200 https://registry.npmjs.org/call-bound 222ms (cache miss)
968 silly packumentCache full:https://registry.npmjs.org/call-bound set size:undefined disposed:false
969 http fetch GET 200 https://registry.npmjs.org/call-bound 244ms (cache miss)
970 silly packumentCache full:https://registry.npmjs.org/call-bound set size:undefined disposed:false
971 http fetch GET 200 https://registry.npmjs.org/get-intrinsic 256ms (cache miss)
972 silly packumentCache full:https://registry.npmjs.org/get-intrinsic set size:undefined disposed:false
973 http fetch GET 200 https://registry.npmjs.org/get-intrinsic 300ms (cache miss)
974 silly packumentCache full:https://registry.npmjs.org/get-intrinsic set size:undefined disposed:false
975 silly placeDep ROOT call-bound@1.0.4 OK for: side-channel-map@1.0.1 want: ^1.0.2
976 silly placeDep ROOT get-intrinsic@1.3.0 OK for: side-channel-map@1.0.1 want: ^1.2.5
977 silly fetch manifest call-bind-apply-helpers@^1.0.2
978 silly packumentCache full:https://registry.npmjs.org/call-bind-apply-helpers cache-miss
979 silly fetch manifest get-intrinsic@^1.3.0
980 silly packumentCache full:https://registry.npmjs.org/get-intrinsic cache-miss
981 silly fetch manifest gopd@^1.2.0
982 silly packumentCache full:https://registry.npmjs.org/gopd cache-miss
983 silly fetch manifest hasown@^2.0.2
984 silly packumentCache full:https://registry.npmjs.org/hasown cache-miss
985 silly fetch manifest get-proto@^1.0.1
986 silly packumentCache full:https://registry.npmjs.org/get-proto cache-miss
987 silly fetch manifest has-symbols@^1.1.0
988 silly packumentCache full:https://registry.npmjs.org/has-symbols cache-miss
989 silly fetch manifest function-bind@^1.1.2
990 silly packumentCache full:https://registry.npmjs.org/function-bind cache-miss
991 silly fetch manifest es-object-atoms@^1.1.1
992 silly packumentCache full:https://registry.npmjs.org/es-object-atoms cache-miss
993 silly fetch manifest math-intrinsics@^1.1.0
994 silly packumentCache full:https://registry.npmjs.org/math-intrinsics cache-miss
995 silly fetch manifest call-bind-apply-helpers@^1.0.2
996 silly packumentCache full:https://registry.npmjs.org/call-bind-apply-helpers cache-miss
997 http cache https://registry.npmjs.org/get-intrinsic 16ms (cache hit)
998 silly packumentCache full:https://registry.npmjs.org/get-intrinsic set size:60985 disposed:false
999 http fetch GET 200 https://registry.npmjs.org/gopd 86ms (cache miss)
1000 silly packumentCache full:https://registry.npmjs.org/gopd set size:undefined disposed:false
1001 http fetch GET 200 https://registry.npmjs.org/call-bind-apply-helpers 107ms (cache miss)
1002 silly packumentCache full:https://registry.npmjs.org/call-bind-apply-helpers set size:undefined disposed:false
1003 http fetch GET 200 https://registry.npmjs.org/get-proto 107ms (cache miss)
1004 silly packumentCache full:https://registry.npmjs.org/get-proto set size:undefined disposed:false
1005 http fetch GET 200 https://registry.npmjs.org/hasown 108ms (cache miss)
1006 silly packumentCache full:https://registry.npmjs.org/hasown set size:undefined disposed:false
1007 http fetch GET 200 https://registry.npmjs.org/function-bind 121ms (cache miss)
1008 silly packumentCache full:https://registry.npmjs.org/function-bind set size:undefined disposed:false
1009 http fetch GET 200 https://registry.npmjs.org/has-symbols 122ms (cache miss)
1010 silly packumentCache full:https://registry.npmjs.org/has-symbols set size:undefined disposed:false
1011 http fetch GET 200 https://registry.npmjs.org/es-object-atoms 128ms (cache miss)
1012 silly packumentCache full:https://registry.npmjs.org/es-object-atoms set size:undefined disposed:false
1013 http fetch GET 200 https://registry.npmjs.org/call-bind-apply-helpers 145ms (cache miss)
1014 silly packumentCache full:https://registry.npmjs.org/call-bind-apply-helpers set size:undefined disposed:false
1015 http fetch GET 200 https://registry.npmjs.org/math-intrinsics 146ms (cache miss)
1016 silly packumentCache full:https://registry.npmjs.org/math-intrinsics set size:undefined disposed:false
1017 silly placeDep ROOT call-bind-apply-helpers@1.0.2 OK for: call-bound@1.0.4 want: ^1.0.2
1018 silly placeDep ROOT function-bind@1.1.2 OK for: call-bind-apply-helpers@1.0.2 want: ^1.1.2
1019 silly placeDep ROOT es-object-atoms@1.1.2 OK for: get-intrinsic@1.3.0 want: ^1.1.1
1020 silly placeDep ROOT get-proto@1.0.1 OK for: get-intrinsic@1.3.0 want: ^1.0.1
1021 silly placeDep ROOT gopd@1.2.0 OK for: get-intrinsic@1.3.0 want: ^1.2.0
1022 silly placeDep ROOT has-symbols@1.1.0 OK for: get-intrinsic@1.3.0 want: ^1.1.0
1023 silly placeDep ROOT hasown@2.0.4 OK for: get-intrinsic@1.3.0 want: ^2.0.2
1024 silly placeDep ROOT math-intrinsics@1.1.0 OK for: get-intrinsic@1.3.0 want: ^1.1.0
1025 silly fetch manifest dunder-proto@^1.0.1
1026 silly packumentCache full:https://registry.npmjs.org/dunder-proto cache-miss
1027 http fetch GET 200 https://registry.npmjs.org/dunder-proto 78ms (cache miss)
1028 silly packumentCache full:https://registry.npmjs.org/dunder-proto set size:undefined disposed:false
1029 silly placeDep ROOT dunder-proto@1.0.1 OK for: get-proto@1.0.1 want: ^1.0.1
1030 silly placeDep ROOT base64id@2.0.0 OK for: socket.io@4.8.3 want: ~2.0.0
1031 silly placeDep node_modules/socket.io debug@4.4.3 OK for: socket.io@4.8.3 want: ~4.4.1
1032 silly placeDep ROOT engine.io@6.6.9 OK for: socket.io@4.8.3 want: ~6.6.0
1033 silly placeDep ROOT socket.io-adapter@2.5.8 OK for: socket.io@4.8.3 want: ~2.5.2
1034 silly placeDep ROOT socket.io-parser@4.2.7 OK for: socket.io@4.8.3 want: ~4.2.4
1035 silly fetch manifest ws@~8.21.0
1036 silly packumentCache full:https://registry.npmjs.org/ws cache-miss
1037 silly fetch manifest @types/ws@^8.5.12
1038 silly packumentCache full:https://registry.npmjs.org/@types%2fws cache-miss
1039 silly fetch manifest engine.io-parser@~5.2.1
1040 silly packumentCache full:https://registry.npmjs.org/engine.io-parser cache-miss
1041 silly fetch manifest ws@~8.21.0
1042 silly packumentCache full:https://registry.npmjs.org/ws cache-miss
1043 silly fetch manifest @socket.io/component-emitter@~3.1.0
1044 silly packumentCache full:https://registry.npmjs.org/@socket.io%2fcomponent-emitter cache-miss
1045 http fetch GET 200 https://registry.npmjs.org/@types%2fws 214ms (cache miss)
1046 silly packumentCache full:https://registry.npmjs.org/@types%2fws set size:undefined disposed:false
1047 http fetch GET 200 https://registry.npmjs.org/@socket.io%2fcomponent-emitter 244ms (cache miss)
1048 silly packumentCache full:https://registry.npmjs.org/@socket.io%2fcomponent-emitter set size:undefined disposed:false
1049 http fetch GET 200 https://registry.npmjs.org/ws 486ms (cache miss)
1050 silly packumentCache full:https://registry.npmjs.org/ws set size:undefined disposed:false
1051 http fetch GET 200 https://registry.npmjs.org/engine.io-parser 543ms (cache miss)
1052 silly packumentCache full:https://registry.npmjs.org/engine.io-parser set size:undefined disposed:false
1053 http fetch GET 200 https://registry.npmjs.org/ws 562ms (cache miss)
1054 silly packumentCache full:https://registry.npmjs.org/ws set size:undefined disposed:false
1055 silly placeDep ROOT @types/ws@8.18.1 OK for: engine.io@6.6.9 want: ^8.5.12
1056 silly placeDep node_modules/engine.io debug@4.4.3 OK for: engine.io@6.6.9 want: ~4.4.1
1057 silly placeDep ROOT engine.io-parser@5.2.3 OK for: engine.io@6.6.9 want: ~5.2.1
1058 silly placeDep ROOT ws@8.21.3 OK for: engine.io@6.6.9 want: ~8.21.0
1059 silly placeDep node_modules/socket.io-adapter debug@4.4.3 OK for: socket.io-adapter@2.5.8 want: ~4.4.1
1060 silly placeDep ROOT @socket.io/component-emitter@3.1.2 OK for: socket.io-parser@4.2.7 want: ~3.1.0
1061 silly placeDep node_modules/socket.io-parser debug@4.4.3 OK for: socket.io-parser@4.2.7 want: ~4.4.1
1062 silly placeDep ROOT swagger-ui-dist@5.32.14 OK for: swagger-ui-express@5.0.1 want: >=5.0.0
1063 silly fetch manifest @scarf/scarf@=1.4.0
1064 silly packumentCache full:https://registry.npmjs.org/@scarf%2fscarf cache-miss
1065 http fetch GET 200 https://registry.npmjs.org/@scarf%2fscarf 1013ms (cache miss)
1066 silly packumentCache full:https://registry.npmjs.org/@scarf%2fscarf set size:undefined disposed:false
1067 silly placeDep ROOT @scarf/scarf@1.4.0 OK for: swagger-ui-dist@5.32.14 want: =1.4.0
1068 silly placeDep ROOT @cspotcode/source-map-support@0.8.1 OK for: ts-node@10.9.2 want: ^0.8.0
1069 silly placeDep ROOT @tsconfig/node10@1.0.13 OK for: ts-node@10.9.2 want: ^1.0.7
1070 silly placeDep ROOT @tsconfig/node12@1.0.11 OK for: ts-node@10.9.2 want: ^1.0.7
1071 silly placeDep ROOT @tsconfig/node14@1.0.3 OK for: ts-node@10.9.2 want: ^1.0.0
1072 silly placeDep ROOT @tsconfig/node16@1.0.4 OK for: ts-node@10.9.2 want: ^1.0.2
1073 silly placeDep ROOT acorn@8.18.0 OK for: ts-node@10.9.2 want: ^8.4.1
1074 silly placeDep ROOT acorn-walk@8.3.5 OK for: ts-node@10.9.2 want: ^8.1.1
1075 silly placeDep ROOT arg@4.1.3 OK for: ts-node@10.9.2 want: ^4.1.0
1076 silly placeDep ROOT create-require@1.1.1 OK for: ts-node@10.9.2 want: ^1.1.0
1077 silly placeDep ROOT diff@4.0.4 OK for: ts-node@10.9.2 want: ^4.0.1
1078 silly placeDep ROOT make-error@1.3.6 OK for: ts-node@10.9.2 want: ^1.1.1
1079 silly placeDep ROOT v8-compile-cache-lib@3.0.1 OK for: ts-node@10.9.2 want: ^3.0.1
1080 silly placeDep ROOT yn@3.1.1 OK for: ts-node@10.9.2 want: 3.1.1
1081 silly fetch manifest @jridgewell/trace-mapping@0.3.9
1082 silly packumentCache full:https://registry.npmjs.org/@jridgewell%2ftrace-mapping cache-miss
1083 http fetch GET 200 https://registry.npmjs.org/@jridgewell%2ftrace-mapping 808ms (cache miss)
1084 silly packumentCache full:https://registry.npmjs.org/@jridgewell%2ftrace-mapping set size:undefined disposed:false
1085 silly placeDep ROOT @jridgewell/trace-mapping@0.3.9 OK for: @cspotcode/source-map-support@0.8.1 want: 0.3.9
1086 silly fetch manifest @jridgewell/resolve-uri@^3.0.3
1087 silly packumentCache full:https://registry.npmjs.org/@jridgewell%2fresolve-uri cache-miss
1088 silly fetch manifest @jridgewell/sourcemap-codec@^1.4.10
1089 silly packumentCache full:https://registry.npmjs.org/@jridgewell%2fsourcemap-codec cache-miss
1090 http fetch GET 200 https://registry.npmjs.org/@jridgewell%2fresolve-uri 396ms (cache miss)
1091 silly packumentCache full:https://registry.npmjs.org/@jridgewell%2fresolve-uri set size:undefined disposed:false
1092 http fetch GET 200 https://registry.npmjs.org/@jridgewell%2fsourcemap-codec 538ms (cache miss)
1093 silly packumentCache full:https://registry.npmjs.org/@jridgewell%2fsourcemap-codec set size:undefined disposed:false
1094 silly placeDep ROOT @jridgewell/resolve-uri@3.1.2 OK for: @jridgewell/trace-mapping@0.3.9 want: ^3.0.3
1095 silly placeDep ROOT @jridgewell/sourcemap-codec@1.5.5 OK for: @jridgewell/trace-mapping@0.3.9 want: ^1.4.10
1096 silly placeDep ROOT chokidar@3.6.0 OK for: ts-node-dev@2.0.0 want: ^3.5.1
1097 silly placeDep ROOT dynamic-dedupe@0.3.0 OK for: ts-node-dev@2.0.0 want: ^0.3.0
1098 silly placeDep ROOT minimist@1.2.8 OK for: ts-node-dev@2.0.0 want: ^1.2.6
1099 silly placeDep ROOT mkdirp@1.0.4 OK for: ts-node-dev@2.0.0 want: ^1.0.4
1100 silly placeDep ROOT resolve@1.22.12 OK for: ts-node-dev@2.0.0 want: ^1.0.0
1101 silly placeDep ROOT rimraf@2.7.1 OK for: ts-node-dev@2.0.0 want: ^2.6.1
1102 silly placeDep ROOT source-map-support@0.5.21 OK for: ts-node-dev@2.0.0 want: ^0.5.12
1103 silly placeDep ROOT tree-kill@1.2.2 OK for: ts-node-dev@2.0.0 want: ^1.2.2
1104 silly placeDep ROOT tsconfig@7.0.0 OK for: ts-node-dev@2.0.0 want: ^7.0.0
1105 silly fetch manifest braces@~3.0.2
1106 silly packumentCache full:https://registry.npmjs.org/braces cache-miss
1107 silly fetch manifest is-glob@~4.0.1
1108 silly packumentCache full:https://registry.npmjs.org/is-glob cache-miss
1109 silly fetch manifest anymatch@~3.1.2
1110 silly packumentCache full:https://registry.npmjs.org/anymatch cache-miss
1111 silly fetch manifest readdirp@~3.6.0
1112 silly packumentCache full:https://registry.npmjs.org/readdirp cache-miss
1113 silly fetch manifest glob-parent@~5.1.2
1114 silly packumentCache full:https://registry.npmjs.org/glob-parent cache-miss
1115 silly fetch manifest is-binary-path@~2.1.0
1116 silly packumentCache full:https://registry.npmjs.org/is-binary-path cache-miss
1117 silly fetch manifest normalize-path@~3.0.0
1118 silly packumentCache full:https://registry.npmjs.org/normalize-path cache-miss
1119 silly fetch manifest fsevents@~2.3.2
1120 silly packumentCache full:https://registry.npmjs.org/fsevents cache-miss
1121 silly fetch manifest path-parse@^1.0.7
1122 silly packumentCache full:https://registry.npmjs.org/path-parse cache-miss
1123 silly fetch manifest is-core-module@^2.16.1
1124 silly packumentCache full:https://registry.npmjs.org/is-core-module cache-miss
1125 silly fetch manifest supports-preserve-symlinks-flag@^1.0.0
1126 silly packumentCache full:https://registry.npmjs.org/supports-preserve-symlinks-flag cache-miss
1127 http fetch GET 200 https://registry.npmjs.org/is-glob 286ms (cache miss)
1128 silly packumentCache full:https://registry.npmjs.org/is-glob set size:undefined disposed:false
1129 silly fetch manifest glob@^7.1.3
1130 silly packumentCache full:https://registry.npmjs.org/glob cache-miss
1131 http fetch GET 200 https://registry.npmjs.org/braces 579ms (cache miss)
1132 silly packumentCache full:https://registry.npmjs.org/braces set size:undefined disposed:false
1133 silly fetch manifest buffer-from@^1.0.0
1134 silly packumentCache full:https://registry.npmjs.org/buffer-from cache-miss
1135 http fetch GET 200 https://registry.npmjs.org/readdirp 884ms (cache miss)
1136 silly packumentCache full:https://registry.npmjs.org/readdirp set size:undefined disposed:false
1137 silly fetch manifest source-map@^0.6.0
1138 silly packumentCache full:https://registry.npmjs.org/source-map cache-miss
1139 http fetch GET 200 https://registry.npmjs.org/glob-parent 970ms (cache miss)
1140 silly packumentCache full:https://registry.npmjs.org/glob-parent set size:undefined disposed:false
1141 silly fetch manifest @types/strip-bom@^3.0.0
1142 silly packumentCache full:https://registry.npmjs.org/@types%2fstrip-bom cache-miss
1143 http fetch GET 200 https://registry.npmjs.org/is-binary-path 999ms (cache miss)
1144 silly packumentCache full:https://registry.npmjs.org/is-binary-path set size:undefined disposed:false
1145 silly fetch manifest @types/strip-json-comments@0.0.30
1146 silly packumentCache full:https://registry.npmjs.org/@types%2fstrip-json-comments cache-miss
1147 http fetch GET 200 https://registry.npmjs.org/path-parse 1042ms (cache miss)
1148 silly packumentCache full:https://registry.npmjs.org/path-parse set size:undefined disposed:false
1149 silly fetch manifest strip-bom@^3.0.0
1150 silly packumentCache full:https://registry.npmjs.org/strip-bom cache-miss
1151 http fetch GET 200 https://registry.npmjs.org/buffer-from 1078ms (cache miss)
1152 silly packumentCache full:https://registry.npmjs.org/buffer-from set size:undefined disposed:false
1153 silly fetch manifest strip-json-comments@^2.0.0
1154 silly packumentCache full:https://registry.npmjs.org/strip-json-comments cache-miss
1155 http fetch GET 200 https://registry.npmjs.org/normalize-path 1671ms (cache miss)
1156 silly packumentCache full:https://registry.npmjs.org/normalize-path set size:undefined disposed:false
1157 http fetch GET 200 https://registry.npmjs.org/anymatch 1879ms (cache miss)
1158 silly packumentCache full:https://registry.npmjs.org/anymatch set size:undefined disposed:false
1159 http fetch GET 200 https://registry.npmjs.org/source-map 995ms (cache miss)
1160 silly packumentCache full:https://registry.npmjs.org/source-map set size:undefined disposed:false
1161 http fetch GET 200 https://registry.npmjs.org/strip-bom 873ms (cache miss)
1162 silly packumentCache full:https://registry.npmjs.org/strip-bom set size:undefined disposed:false
1163 http fetch GET 200 https://registry.npmjs.org/@types%2fstrip-bom 1172ms (cache miss)
1164 silly packumentCache full:https://registry.npmjs.org/@types%2fstrip-bom set size:undefined disposed:false
1165 http fetch GET 200 https://registry.npmjs.org/@types%2fstrip-json-comments 1174ms (cache miss)
1166 silly packumentCache full:https://registry.npmjs.org/@types%2fstrip-json-comments set size:undefined disposed:false
1167 http fetch GET 200 https://registry.npmjs.org/is-core-module 2243ms (cache miss)
1168 silly packumentCache full:https://registry.npmjs.org/is-core-module set size:undefined disposed:false
1169 http fetch GET 200 https://registry.npmjs.org/supports-preserve-symlinks-flag 2398ms (cache miss)
1170 silly packumentCache full:https://registry.npmjs.org/supports-preserve-symlinks-flag set size:undefined disposed:false
1171 http fetch GET 200 https://registry.npmjs.org/strip-json-comments 863ms (cache miss)
1172 silly packumentCache full:https://registry.npmjs.org/strip-json-comments set size:undefined disposed:false
1173 http fetch GET 200 https://registry.npmjs.org/fsevents 2531ms (cache miss)
1174 silly packumentCache full:https://registry.npmjs.org/fsevents set size:undefined disposed:false
1175 http fetch GET 200 https://registry.npmjs.org/glob 2252ms (cache miss)
1176 silly packumentCache full:https://registry.npmjs.org/glob set size:undefined disposed:false
1177 silly placeDep ROOT anymatch@3.1.3 OK for: chokidar@3.6.0 want: ~3.1.2
1178 silly placeDep ROOT braces@3.0.3 OK for: chokidar@3.6.0 want: ~3.0.2
1179 silly placeDep ROOT fsevents@2.3.3 OK for: chokidar@3.6.0 want: ~2.3.2
1180 silly placeDep ROOT glob-parent@5.1.2 OK for: chokidar@3.6.0 want: ~5.1.2
1181 silly placeDep ROOT is-binary-path@2.1.0 OK for: chokidar@3.6.0 want: ~2.1.0
1182 silly placeDep ROOT is-glob@4.0.3 OK for: chokidar@3.6.0 want: ~4.0.1
1183 silly placeDep ROOT normalize-path@3.0.0 OK for: chokidar@3.6.0 want: ~3.0.0
1184 silly placeDep ROOT readdirp@3.6.0 OK for: chokidar@3.6.0 want: ~3.6.0
1185 silly fetch manifest picomatch@^2.0.4
1186 silly packumentCache full:https://registry.npmjs.org/picomatch cache-miss
1187 silly fetch manifest normalize-path@^3.0.0
1188 silly packumentCache full:https://registry.npmjs.org/normalize-path cache-miss
1189 silly fetch manifest fill-range@^7.1.1
1190 silly packumentCache full:https://registry.npmjs.org/fill-range cache-miss
1191 silly fetch manifest is-glob@^4.0.1
1192 silly packumentCache full:https://registry.npmjs.org/is-glob cache-miss
1193 silly fetch manifest binary-extensions@^2.0.0
1194 silly packumentCache full:https://registry.npmjs.org/binary-extensions cache-miss
1195 silly fetch manifest is-extglob@^2.1.1
1196 silly packumentCache full:https://registry.npmjs.org/is-extglob cache-miss
1197 silly fetch manifest picomatch@^2.2.1
1198 silly packumentCache full:https://registry.npmjs.org/picomatch cache-miss
1199 http cache https://registry.npmjs.org/normalize-path 9ms (cache hit)
1200 silly packumentCache full:https://registry.npmjs.org/normalize-path set size:28713 disposed:false
1201 http cache https://registry.npmjs.org/is-glob 10ms (cache hit)
1202 silly packumentCache full:https://registry.npmjs.org/is-glob set size:40530 disposed:false
1203 http fetch GET 200 https://registry.npmjs.org/fill-range 325ms (cache miss)
1204 silly packumentCache full:https://registry.npmjs.org/fill-range set size:undefined disposed:false
1205 http fetch GET 200 https://registry.npmjs.org/picomatch 362ms (cache miss)
1206 silly packumentCache full:https://registry.npmjs.org/picomatch set size:undefined disposed:false
1207 http fetch GET 200 https://registry.npmjs.org/binary-extensions 410ms (cache miss)
1208 silly packumentCache full:https://registry.npmjs.org/binary-extensions set size:undefined disposed:false
1209 http fetch GET 200 https://registry.npmjs.org/picomatch 808ms (cache miss)
1210 silly packumentCache full:https://registry.npmjs.org/picomatch set size:undefined disposed:false
1211 http fetch GET 200 https://registry.npmjs.org/is-extglob 1189ms (cache miss)
1212 silly packumentCache full:https://registry.npmjs.org/is-extglob set size:undefined disposed:false
1213 silly placeDep ROOT picomatch@2.3.2 OK for: anymatch@3.1.3 want: ^2.0.4
1214 silly placeDep ROOT fill-range@7.1.1 OK for: braces@3.0.3 want: ^7.1.1
1215 silly fetch manifest to-regex-range@^5.0.1
1216 silly packumentCache full:https://registry.npmjs.org/to-regex-range cache-miss
1217 http fetch GET 200 https://registry.npmjs.org/to-regex-range 827ms (cache miss)
1218 silly packumentCache full:https://registry.npmjs.org/to-regex-range set size:undefined disposed:false
1219 silly placeDep ROOT to-regex-range@5.0.1 OK for: fill-range@7.1.1 want: ^5.0.1
1220 silly fetch manifest is-number@^7.0.0
1221 silly packumentCache full:https://registry.npmjs.org/is-number cache-miss
1222 http fetch GET 200 https://registry.npmjs.org/is-number 280ms (cache miss)
1223 silly packumentCache full:https://registry.npmjs.org/is-number set size:undefined disposed:false
1224 silly placeDep ROOT binary-extensions@2.3.0 OK for: is-binary-path@2.1.0 want: ^2.0.0
1225 silly placeDep ROOT is-extglob@2.1.1 OK for: is-glob@4.0.3 want: ^2.1.1
1226 silly placeDep ROOT is-core-module@2.16.2 OK for: resolve@1.22.12 want: ^2.16.1
1227 silly placeDep ROOT path-parse@1.0.7 OK for: resolve@1.22.12 want: ^1.0.7
1228 silly placeDep ROOT supports-preserve-symlinks-flag@1.0.0 OK for: resolve@1.22.12 want: ^1.0.0
1229 silly placeDep ROOT glob@7.2.3 OK for: rimraf@2.7.1 want: ^7.1.3
1230 silly fetch manifest once@^1.3.0
1231 silly packumentCache full:https://registry.npmjs.org/once cache-miss
1232 silly fetch manifest inflight@^1.0.4
1233 silly packumentCache full:https://registry.npmjs.org/inflight cache-miss
1234 silly fetch manifest minimatch@^3.1.1
1235 silly packumentCache full:https://registry.npmjs.org/minimatch cache-miss
1236 silly fetch manifest fs.realpath@^1.0.0
1237 silly packumentCache full:https://registry.npmjs.org/fs.realpath cache-miss
1238 silly fetch manifest path-is-absolute@^1.0.0
1239 silly packumentCache full:https://registry.npmjs.org/path-is-absolute cache-miss
1240 http fetch GET 200 https://registry.npmjs.org/once 299ms (cache miss)
1241 silly packumentCache full:https://registry.npmjs.org/once set size:undefined disposed:false
1242 http fetch GET 200 https://registry.npmjs.org/inflight 343ms (cache miss)
1243 silly packumentCache full:https://registry.npmjs.org/inflight set size:undefined disposed:false
1244 http fetch GET 200 https://registry.npmjs.org/fs.realpath 346ms (cache miss)
1245 silly packumentCache full:https://registry.npmjs.org/fs.realpath set size:undefined disposed:false
1246 http fetch GET 200 https://registry.npmjs.org/path-is-absolute 421ms (cache miss)
1247 silly packumentCache full:https://registry.npmjs.org/path-is-absolute set size:undefined disposed:false
1248 http fetch GET 200 https://registry.npmjs.org/minimatch 1499ms (cache miss)
1249 silly packumentCache full:https://registry.npmjs.org/minimatch set size:undefined disposed:false
1250 silly placeDep ROOT fs.realpath@1.0.0 OK for: glob@7.2.3 want: ^1.0.0
1251 silly placeDep ROOT inflight@1.0.6 OK for: glob@7.2.3 want: ^1.0.4
1252 silly placeDep ROOT minimatch@3.1.5 OK for: glob@7.2.3 want: ^3.1.1
1253 silly placeDep ROOT once@1.4.0 OK for: glob@7.2.3 want: ^1.3.0
1254 silly placeDep ROOT path-is-absolute@1.0.1 OK for: glob@7.2.3 want: ^1.0.0
1255 silly fetch manifest wrappy@1
1256 silly packumentCache full:https://registry.npmjs.org/wrappy cache-miss
1257 silly fetch manifest brace-expansion@^1.1.7
1258 silly packumentCache full:https://registry.npmjs.org/brace-expansion cache-miss
1259 silly fetch manifest wrappy@1
1260 silly packumentCache full:https://registry.npmjs.org/wrappy cache-miss
1261 http fetch GET 200 https://registry.npmjs.org/wrappy 95ms (cache miss)
1262 silly packumentCache full:https://registry.npmjs.org/wrappy set size:undefined disposed:false
1263 http fetch GET 200 https://registry.npmjs.org/brace-expansion 227ms (cache miss)
1264 silly packumentCache full:https://registry.npmjs.org/brace-expansion set size:undefined disposed:false
1265 http fetch GET 200 https://registry.npmjs.org/wrappy 236ms (cache miss)
1266 silly packumentCache full:https://registry.npmjs.org/wrappy set size:undefined disposed:false
1267 silly placeDep ROOT wrappy@1.0.2 OK for: inflight@1.0.6 want: 1
1268 silly placeDep ROOT brace-expansion@1.1.18 OK for: minimatch@3.1.5 want: ^1.1.7
1269 silly fetch manifest concat-map@0.0.1
1270 silly packumentCache full:https://registry.npmjs.org/concat-map cache-miss
1271 silly fetch manifest balanced-match@^1.0.0
1272 silly packumentCache full:https://registry.npmjs.org/balanced-match cache-miss
1273 http fetch GET 200 https://registry.npmjs.org/concat-map 115ms (cache miss)
1274 silly packumentCache full:https://registry.npmjs.org/concat-map set size:undefined disposed:false
1275 http fetch GET 200 https://registry.npmjs.org/balanced-match 188ms (cache miss)
1276 silly packumentCache full:https://registry.npmjs.org/balanced-match set size:undefined disposed:false
1277 silly placeDep ROOT balanced-match@1.0.2 OK for: brace-expansion@1.1.18 want: ^1.0.0
1278 silly placeDep ROOT concat-map@0.0.1 OK for: brace-expansion@1.1.18 want: 0.0.1
1279 silly placeDep ROOT buffer-from@1.1.2 OK for: source-map-support@0.5.21 want: ^1.0.0
1280 silly placeDep ROOT source-map@0.6.1 OK for: source-map-support@0.5.21 want: ^0.6.0
1281 silly placeDep ROOT is-number@7.0.0 OK for: to-regex-range@5.0.1 want: ^7.0.0
1282 silly placeDep ROOT @types/strip-bom@3.0.0 OK for: tsconfig@7.0.0 want: ^3.0.0
1283 silly placeDep ROOT @types/strip-json-comments@0.0.30 OK for: tsconfig@7.0.0 want: 0.0.30
1284 silly placeDep ROOT strip-bom@3.0.0 OK for: tsconfig@7.0.0 want: ^3.0.0
1285 silly placeDep ROOT strip-json-comments@2.0.1 OK for: tsconfig@7.0.0 want: ^2.0.0
1286 silly placeDep ROOT media-typer@0.3.0 OK for: type-is@1.6.18 want: 0.3.0
1287 silly placeDep ROOT @colors/colors@1.6.0 OK for: winston@3.19.0 want: ^1.6.0
1288 silly placeDep ROOT @dabh/diagnostics@2.0.8 OK for: winston@3.19.0 want: ^2.0.8
1289 silly placeDep ROOT async@3.2.6 OK for: winston@3.19.0 want: ^3.2.3
1290 silly placeDep ROOT is-stream@2.0.1 OK for: winston@3.19.0 want: ^2.0.0
1291 silly placeDep ROOT logform@2.7.0 OK for: winston@3.19.0 want: ^2.7.0
1292 silly placeDep ROOT one-time@1.0.0 OK for: winston@3.19.0 want: ^1.0.0
1293 silly placeDep ROOT readable-stream@3.6.2 OK for: winston@3.19.0 want: ^3.4.0
1294 silly placeDep ROOT safe-stable-stringify@2.5.0 OK for: winston@3.19.0 want: ^2.3.1
1295 silly placeDep ROOT stack-trace@0.0.10 OK for: winston@3.19.0 want: 0.0.x
1296 silly placeDep ROOT triple-beam@1.4.1 OK for: winston@3.19.0 want: ^1.3.0
1297 silly placeDep ROOT winston-transport@4.9.0 OK for: winston@3.19.0 want: ^4.9.0
1298 silly fetch manifest @so-ric/colorspace@^1.1.6
1299 silly packumentCache full:https://registry.npmjs.org/@so-ric%2fcolorspace cache-miss
1300 silly fetch manifest enabled@2.0.x
1301 silly packumentCache full:https://registry.npmjs.org/enabled cache-miss
1302 silly fetch manifest kuler@^2.0.0
1303 silly packumentCache full:https://registry.npmjs.org/kuler cache-miss
1304 silly fetch manifest @types/triple-beam@^1.3.2
1305 silly packumentCache full:https://registry.npmjs.org/@types%2ftriple-beam cache-miss
1306 silly fetch manifest fecha@^4.2.0
1307 silly packumentCache full:https://registry.npmjs.org/fecha cache-miss
1308 silly fetch manifest fn.name@1.x.x
1309 silly packumentCache full:https://registry.npmjs.org/fn.name cache-miss
1310 silly fetch manifest string_decoder@^1.1.1
1311 silly packumentCache full:https://registry.npmjs.org/string_decoder cache-miss
1312 silly fetch manifest util-deprecate@^1.0.1
1313 silly packumentCache full:https://registry.npmjs.org/util-deprecate cache-miss
1314 http fetch GET 200 https://registry.npmjs.org/enabled 115ms (cache miss)
1315 silly packumentCache full:https://registry.npmjs.org/enabled set size:undefined disposed:false
1316 http fetch GET 200 https://registry.npmjs.org/@so-ric%2fcolorspace 169ms (cache miss)
1317 silly packumentCache full:https://registry.npmjs.org/@so-ric%2fcolorspace set size:undefined disposed:false
1318 http fetch GET 200 https://registry.npmjs.org/string_decoder 254ms (cache miss)
1319 silly packumentCache full:https://registry.npmjs.org/string_decoder set size:undefined disposed:false
1320 http fetch GET 200 https://registry.npmjs.org/util-deprecate 277ms (cache miss)
1321 silly packumentCache full:https://registry.npmjs.org/util-deprecate set size:undefined disposed:false
1322 http fetch GET 200 https://registry.npmjs.org/@types%2ftriple-beam 381ms (cache miss)
1323 silly packumentCache full:https://registry.npmjs.org/@types%2ftriple-beam set size:undefined disposed:false
1324 http fetch GET 200 https://registry.npmjs.org/fecha 544ms (cache miss)
1325 silly packumentCache full:https://registry.npmjs.org/fecha set size:undefined disposed:false
1326 http fetch GET 200 https://registry.npmjs.org/fn.name 573ms (cache miss)
1327 silly packumentCache full:https://registry.npmjs.org/fn.name set size:undefined disposed:false
1328 http fetch GET 200 https://registry.npmjs.org/kuler 648ms (cache miss)
1329 silly packumentCache full:https://registry.npmjs.org/kuler set size:undefined disposed:false
1330 silly placeDep ROOT @so-ric/colorspace@1.1.6 OK for: @dabh/diagnostics@2.0.8 want: ^1.1.6
1331 silly placeDep ROOT enabled@2.0.0 OK for: @dabh/diagnostics@2.0.8 want: 2.0.x
1332 silly placeDep ROOT kuler@2.0.0 OK for: @dabh/diagnostics@2.0.8 want: ^2.0.0
1333 silly fetch manifest color@^5.0.2
1334 silly packumentCache full:https://registry.npmjs.org/color cache-miss
1335 silly fetch manifest text-hex@1.0.x
1336 silly packumentCache full:https://registry.npmjs.org/text-hex cache-miss
1337 http fetch GET 200 https://registry.npmjs.org/color 215ms (cache miss)
1338 silly packumentCache full:https://registry.npmjs.org/color set size:undefined disposed:false
1339 http fetch GET 200 https://registry.npmjs.org/text-hex 349ms (cache miss)
1340 silly packumentCache full:https://registry.npmjs.org/text-hex set size:undefined disposed:false
1341 silly placeDep ROOT color@5.0.3 OK for: @so-ric/colorspace@1.1.6 want: ^5.0.2
1342 silly placeDep ROOT text-hex@1.0.0 OK for: @so-ric/colorspace@1.1.6 want: 1.0.x
1343 silly fetch manifest color-convert@^3.1.3
1344 silly packumentCache full:https://registry.npmjs.org/color-convert cache-miss
1345 silly fetch manifest color-string@^2.1.3
1346 silly packumentCache full:https://registry.npmjs.org/color-string cache-miss
1347 http fetch GET 200 https://registry.npmjs.org/color-convert 283ms (cache miss)
1348 silly packumentCache full:https://registry.npmjs.org/color-convert set size:undefined disposed:false
1349 http fetch GET 200 https://registry.npmjs.org/color-string 338ms (cache miss)
1350 silly packumentCache full:https://registry.npmjs.org/color-string set size:undefined disposed:false
1351 silly placeDep ROOT color-convert@3.1.3 OK for: color@5.0.3 want: ^3.1.3
1352 silly placeDep ROOT color-string@2.1.4 OK for: color@5.0.3 want: ^2.1.3
1353 silly fetch manifest color-name@^2.0.0
1354 silly packumentCache full:https://registry.npmjs.org/color-name cache-miss
1355 silly fetch manifest color-name@^2.0.0
1356 silly packumentCache full:https://registry.npmjs.org/color-name cache-miss
1357 http fetch GET 200 https://registry.npmjs.org/color-name 168ms (cache miss)
1358 silly packumentCache full:https://registry.npmjs.org/color-name set size:undefined disposed:false
1359 http fetch GET 200 https://registry.npmjs.org/color-name 213ms (cache miss)
1360 silly packumentCache full:https://registry.npmjs.org/color-name set size:undefined disposed:false
1361 silly placeDep ROOT color-name@2.1.1 OK for: color-convert@3.1.3 want: ^2.0.0
1362 silly placeDep ROOT @types/triple-beam@1.3.5 OK for: logform@2.7.0 want: ^1.3.2
1363 silly placeDep ROOT fecha@4.2.3 OK for: logform@2.7.0 want: ^4.2.0
1364 silly placeDep node_modules/logform ms@2.1.3 OK for: logform@2.7.0 want: ^2.1.1
1365 silly placeDep ROOT fn.name@1.1.0 OK for: one-time@1.0.0 want: 1.x.x
1366 silly placeDep ROOT string_decoder@1.3.0 OK for: readable-stream@3.6.2 want: ^1.1.1
1367 silly placeDep ROOT util-deprecate@1.0.2 OK for: readable-stream@3.6.2 want: ^1.0.1
1368 silly placeDep ROOT @types/mime@1.3.5 OK for: @types/send@0.17.6 want: ^1
1369 silly placeDep node_modules/engine.io ms@2.1.3 OK for: debug@4.4.3 want: ^2.1.3
1370 silly placeDep node_modules/ioredis ms@2.1.3 OK for: debug@4.4.3 want: ^2.1.3
1371 silly placeDep node_modules/socket.io-adapter ms@2.1.3 OK for: debug@4.4.3 want: ^2.1.3
1372 silly placeDep node_modules/socket.io-parser ms@2.1.3 OK for: debug@4.4.3 want: ^2.1.3
1373 silly placeDep node_modules/socket.io ms@2.1.3 OK for: debug@4.4.3 want: ^2.1.3
1374 silly reify moves {}
1375 http cache @types/mime@https://registry.npmjs.org/@types/mime/-/mime-1.3.5.tgz 0ms (cache hit)
1376 http cache util-deprecate@https://registry.npmjs.org/util-deprecate/-/util-deprecate-1.0.2.tgz 0ms (cache hit)
1377 http cache string_decoder@https://registry.npmjs.org/string_decoder/-/string_decoder-1.3.0.tgz 0ms (cache hit)
1378 http cache fn.name@https://registry.npmjs.org/fn.name/-/fn.name-1.1.0.tgz 0ms (cache hit)
1379 http cache fecha@https://registry.npmjs.org/fecha/-/fecha-4.2.3.tgz 0ms (cache hit)
1380 http cache text-hex@https://registry.npmjs.org/text-hex/-/text-hex-1.0.0.tgz 0ms (cache hit)
1381 http cache @types/triple-beam@https://registry.npmjs.org/@types/triple-beam/-/triple-beam-1.3.5.tgz 0ms (cache hit)
1382 http cache color-convert@https://registry.npmjs.org/color-convert/-/color-convert-3.1.3.tgz 0ms (cache hit)
1383 http cache color-string@https://registry.npmjs.org/color-string/-/color-string-2.1.4.tgz 0ms (cache hit)
1384 http cache color-name@https://registry.npmjs.org/color-name/-/color-name-2.1.1.tgz 0ms (cache hit)
1385 http cache enabled@https://registry.npmjs.org/enabled/-/enabled-2.0.0.tgz 0ms (cache hit)
1386 http cache @so-ric/colorspace@https://registry.npmjs.org/@so-ric/colorspace/-/colorspace-1.1.6.tgz 0ms (cache hit)
1387 http cache color@https://registry.npmjs.org/color/-/color-5.0.3.tgz 0ms (cache hit)
1388 http cache kuler@https://registry.npmjs.org/kuler/-/kuler-2.0.0.tgz 0ms (cache hit)
1389 http cache winston-transport@https://registry.npmjs.org/winston-transport/-/winston-transport-4.9.0.tgz 0ms (cache hit)
1390 http cache stack-trace@https://registry.npmjs.org/stack-trace/-/stack-trace-0.0.10.tgz 0ms (cache hit)
1391 http cache triple-beam@https://registry.npmjs.org/triple-beam/-/triple-beam-1.4.1.tgz 0ms (cache hit)
1392 http cache safe-stable-stringify@https://registry.npmjs.org/safe-stable-stringify/-/safe-stable-stringify-2.5.0.tgz 0ms (cache hit)
1393 http cache one-time@https://registry.npmjs.org/one-time/-/one-time-1.0.0.tgz 0ms (cache hit)
1394 http cache readable-stream@https://registry.npmjs.org/readable-stream/-/readable-stream-3.6.2.tgz 0ms (cache hit)
1395 http cache logform@https://registry.npmjs.org/logform/-/logform-2.7.0.tgz 0ms (cache hit)
1396 http cache async@https://registry.npmjs.org/async/-/async-3.2.6.tgz 0ms (cache hit)
1397 http cache is-stream@https://registry.npmjs.org/is-stream/-/is-stream-2.0.1.tgz 0ms (cache hit)
1398 http cache @colors/colors@https://registry.npmjs.org/@colors/colors/-/colors-1.6.0.tgz 0ms (cache hit)
1399 http cache @dabh/diagnostics@https://registry.npmjs.org/@dabh/diagnostics/-/diagnostics-2.0.8.tgz 0ms (cache hit)
1400 http cache media-typer@https://registry.npmjs.org/media-typer/-/media-typer-0.3.0.tgz 0ms (cache hit)
1401 http cache strip-json-comments@https://registry.npmjs.org/strip-json-comments/-/strip-json-comments-2.0.1.tgz 0ms (cache hit)
1402 http cache strip-bom@https://registry.npmjs.org/strip-bom/-/strip-bom-3.0.0.tgz 0ms (cache hit)
1403 http cache @types/strip-bom@https://registry.npmjs.org/@types/strip-bom/-/strip-bom-3.0.0.tgz 0ms (cache hit)
1404 http cache @types/strip-json-comments@https://registry.npmjs.org/@types/strip-json-comments/-/strip-json-comments-0.0.30.tgz 0ms (cache hit)
1405 http cache buffer-from@https://registry.npmjs.org/buffer-from/-/buffer-from-1.1.2.tgz 0ms (cache hit)
1406 http cache is-number@https://registry.npmjs.org/is-number/-/is-number-7.0.0.tgz 0ms (cache hit)
1407 http cache source-map@https://registry.npmjs.org/source-map/-/source-map-0.6.1.tgz 0ms (cache hit)
1408 http cache brace-expansion@https://registry.npmjs.org/brace-expansion/-/brace-expansion-1.1.18.tgz 0ms (cache hit)
1409 http cache balanced-match@https://registry.npmjs.org/balanced-match/-/balanced-match-1.0.2.tgz 0ms (cache hit)
1410 http cache concat-map@https://registry.npmjs.org/concat-map/-/concat-map-0.0.1.tgz 0ms (cache hit)
1411 http cache path-is-absolute@https://registry.npmjs.org/path-is-absolute/-/path-is-absolute-1.0.1.tgz 0ms (cache hit)
1412 http cache wrappy@https://registry.npmjs.org/wrappy/-/wrappy-1.0.2.tgz 0ms (cache hit)
1413 http cache once@https://registry.npmjs.org/once/-/once-1.4.0.tgz 0ms (cache hit)
1414 http cache minimatch@https://registry.npmjs.org/minimatch/-/minimatch-3.1.5.tgz 0ms (cache hit)
1415 http cache inflight@https://registry.npmjs.org/inflight/-/inflight-1.0.6.tgz 0ms (cache hit)
1416 http cache glob@https://registry.npmjs.org/glob/-/glob-7.2.3.tgz 0ms (cache hit)
1417 http cache fs.realpath@https://registry.npmjs.org/fs.realpath/-/fs.realpath-1.0.0.tgz 0ms (cache hit)
1418 http cache supports-preserve-symlinks-flag@https://registry.npmjs.org/supports-preserve-symlinks-flag/-/supports-preserve-symlinks-flag-1.0.0.tgz 0ms (cache hit)
1419 http cache is-core-module@https://registry.npmjs.org/is-core-module/-/is-core-module-2.16.2.tgz 0ms (cache hit)
1420 http cache binary-extensions@https://registry.npmjs.org/binary-extensions/-/binary-extensions-2.3.0.tgz 0ms (cache hit)
1421 http cache is-extglob@https://registry.npmjs.org/is-extglob/-/is-extglob-2.1.1.tgz 0ms (cache hit)
1422 http cache path-parse@https://registry.npmjs.org/path-parse/-/path-parse-1.0.7.tgz 0ms (cache hit)
1423 http cache fill-range@https://registry.npmjs.org/fill-range/-/fill-range-7.1.1.tgz 0ms (cache hit)
1424 http cache picomatch@https://registry.npmjs.org/picomatch/-/picomatch-2.3.2.tgz 0ms (cache hit)
1425 http cache to-regex-range@https://registry.npmjs.org/to-regex-range/-/to-regex-range-5.0.1.tgz 1ms (cache hit)
1426 http cache normalize-path@https://registry.npmjs.org/normalize-path/-/normalize-path-3.0.0.tgz 0ms (cache hit)
1427 http cache is-glob@https://registry.npmjs.org/is-glob/-/is-glob-4.0.3.tgz 0ms (cache hit)
1428 http cache is-binary-path@https://registry.npmjs.org/is-binary-path/-/is-binary-path-2.1.0.tgz 0ms (cache hit)
1429 http cache glob-parent@https://registry.npmjs.org/glob-parent/-/glob-parent-5.1.2.tgz 0ms (cache hit)
1430 http cache readdirp@https://registry.npmjs.org/readdirp/-/readdirp-3.6.0.tgz 0ms (cache hit)
1431 http cache braces@https://registry.npmjs.org/braces/-/braces-3.0.3.tgz 0ms (cache hit)
1432 http cache anymatch@https://registry.npmjs.org/anymatch/-/anymatch-3.1.3.tgz 0ms (cache hit)
1433 http cache source-map-support@https://registry.npmjs.org/source-map-support/-/source-map-support-0.5.21.tgz 0ms (cache hit)
1434 http cache tsconfig@https://registry.npmjs.org/tsconfig/-/tsconfig-7.0.0.tgz 0ms (cache hit)
1435 http cache tree-kill@https://registry.npmjs.org/tree-kill/-/tree-kill-1.2.2.tgz 0ms (cache hit)
1436 http cache rimraf@https://registry.npmjs.org/rimraf/-/rimraf-2.7.1.tgz 0ms (cache hit)
1437 http cache mkdirp@https://registry.npmjs.org/mkdirp/-/mkdirp-1.0.4.tgz 1ms (cache hit)
1438 http cache minimist@https://registry.npmjs.org/minimist/-/minimist-1.2.8.tgz 0ms (cache hit)
1439 http cache resolve@https://registry.npmjs.org/resolve/-/resolve-1.22.12.tgz 0ms (cache hit)
1440 http cache dynamic-dedupe@https://registry.npmjs.org/dynamic-dedupe/-/dynamic-dedupe-0.3.0.tgz 0ms (cache hit)
1441 http cache chokidar@https://registry.npmjs.org/chokidar/-/chokidar-3.6.0.tgz 0ms (cache hit)
1442 http cache @jridgewell/sourcemap-codec@https://registry.npmjs.org/@jridgewell/sourcemap-codec/-/sourcemap-codec-1.5.5.tgz 0ms (cache hit)
1443 http cache @jridgewell/resolve-uri@https://registry.npmjs.org/@jridgewell/resolve-uri/-/resolve-uri-3.1.2.tgz 0ms (cache hit)
1444 http cache @jridgewell/trace-mapping@https://registry.npmjs.org/@jridgewell/trace-mapping/-/trace-mapping-0.3.9.tgz 0ms (cache hit)
1445 http cache yn@https://registry.npmjs.org/yn/-/yn-3.1.1.tgz 0ms (cache hit)
1446 http cache v8-compile-cache-lib@https://registry.npmjs.org/v8-compile-cache-lib/-/v8-compile-cache-lib-3.0.1.tgz 0ms (cache hit)
1447 http cache make-error@https://registry.npmjs.org/make-error/-/make-error-1.3.6.tgz 0ms (cache hit)
1448 http cache diff@https://registry.npmjs.org/diff/-/diff-4.0.4.tgz 0ms (cache hit)
1449 http cache create-require@https://registry.npmjs.org/create-require/-/create-require-1.1.1.tgz 0ms (cache hit)
1450 http cache @tsconfig/node16@https://registry.npmjs.org/@tsconfig/node16/-/node16-1.0.4.tgz 0ms (cache hit)
1451 http cache arg@https://registry.npmjs.org/arg/-/arg-4.1.3.tgz 0ms (cache hit)
1452 http cache acorn-walk@https://registry.npmjs.org/acorn-walk/-/acorn-walk-8.3.5.tgz 0ms (cache hit)
1453 http cache acorn@https://registry.npmjs.org/acorn/-/acorn-8.18.0.tgz 0ms (cache hit)
1454 http cache @tsconfig/node14@https://registry.npmjs.org/@tsconfig/node14/-/node14-1.0.3.tgz 0ms (cache hit)
1455 http cache @tsconfig/node12@https://registry.npmjs.org/@tsconfig/node12/-/node12-1.0.11.tgz 0ms (cache hit)
1456 http cache @cspotcode/source-map-support@https://registry.npmjs.org/@cspotcode/source-map-support/-/source-map-support-0.8.1.tgz 0ms (cache hit)
1457 http cache @tsconfig/node10@https://registry.npmjs.org/@tsconfig/node10/-/node10-1.0.13.tgz 0ms (cache hit)
1458 http cache @scarf/scarf@https://registry.npmjs.org/@scarf/scarf/-/scarf-1.4.0.tgz 0ms (cache hit)
1459 http cache @socket.io/component-emitter@https://registry.npmjs.org/@socket.io/component-emitter/-/component-emitter-3.1.2.tgz 0ms (cache hit)
1460 http cache swagger-ui-dist@https://registry.npmjs.org/swagger-ui-dist/-/swagger-ui-dist-5.32.14.tgz 0ms (cache hit)
1461 http cache engine.io-parser@https://registry.npmjs.org/engine.io-parser/-/engine.io-parser-5.2.3.tgz 0ms (cache hit)
1462 http cache ws@https://registry.npmjs.org/ws/-/ws-8.21.3.tgz 0ms (cache hit)
1463 http cache @types/ws@https://registry.npmjs.org/@types/ws/-/ws-8.18.1.tgz 0ms (cache hit)
1464 http cache socket.io-parser@https://registry.npmjs.org/socket.io-parser/-/socket.io-parser-4.2.7.tgz 0ms (cache hit)
1465 http cache socket.io-adapter@https://registry.npmjs.org/socket.io-adapter/-/socket.io-adapter-2.5.8.tgz 0ms (cache hit)
1466 http cache engine.io@https://registry.npmjs.org/engine.io/-/engine.io-6.6.9.tgz 0ms (cache hit)
1467 http cache base64id@https://registry.npmjs.org/base64id/-/base64id-2.0.0.tgz 0ms (cache hit)
1468 http cache dunder-proto@https://registry.npmjs.org/dunder-proto/-/dunder-proto-1.0.1.tgz 0ms (cache hit)
1469 http cache math-intrinsics@https://registry.npmjs.org/math-intrinsics/-/math-intrinsics-1.1.0.tgz 0ms (cache hit)
1470 http cache hasown@https://registry.npmjs.org/hasown/-/hasown-2.0.4.tgz 0ms (cache hit)
1471 http cache has-symbols@https://registry.npmjs.org/has-symbols/-/has-symbols-1.1.0.tgz 0ms (cache hit)
1472 http cache gopd@https://registry.npmjs.org/gopd/-/gopd-1.2.0.tgz 0ms (cache hit)
1473 http cache get-proto@https://registry.npmjs.org/get-proto/-/get-proto-1.0.1.tgz 0ms (cache hit)
1474 http cache es-object-atoms@https://registry.npmjs.org/es-object-atoms/-/es-object-atoms-1.1.2.tgz 0ms (cache hit)
1475 http cache get-intrinsic@https://registry.npmjs.org/get-intrinsic/-/get-intrinsic-1.3.0.tgz 0ms (cache hit)
1476 http cache call-bind-apply-helpers@https://registry.npmjs.org/call-bind-apply-helpers/-/call-bind-apply-helpers-1.0.2.tgz 0ms (cache hit)
1477 http cache function-bind@https://registry.npmjs.org/function-bind/-/function-bind-1.1.2.tgz 0ms (cache hit)
1478 http cache side-channel-weakmap@https://registry.npmjs.org/side-channel-weakmap/-/side-channel-weakmap-1.0.2.tgz 0ms (cache hit)
1479 http cache side-channel-map@https://registry.npmjs.org/side-channel-map/-/side-channel-map-1.0.1.tgz 0ms (cache hit)
1480 http cache call-bound@https://registry.npmjs.org/call-bound/-/call-bound-1.0.4.tgz 0ms (cache hit)
1481 http cache side-channel-list@https://registry.npmjs.org/side-channel-list/-/side-channel-list-1.0.1.tgz 0ms (cache hit)
1482 http cache object-inspect@https://registry.npmjs.org/object-inspect/-/object-inspect-1.13.4.tgz 0ms (cache hit)
1483 http cache es-errors@https://registry.npmjs.org/es-errors/-/es-errors-1.3.0.tgz 0ms (cache hit)
1484 http cache yallist@https://registry.npmjs.org/yallist/-/yallist-4.0.0.tgz 0ms (cache hit)
1485 http cache generic-pool@https://registry.npmjs.org/generic-pool/-/generic-pool-3.9.0.tgz 0ms (cache hit)
1486 http cache mime@https://registry.npmjs.org/mime/-/mime-1.6.0.tgz 0ms (cache hit)
1487 http cache @redis/time-series@https://registry.npmjs.org/@redis/time-series/-/time-series-1.1.0.tgz 0ms (cache hit)
1488 http cache @redis/search@https://registry.npmjs.org/@redis/search/-/search-1.2.0.tgz 0ms (cache hit)
1489 http cache @redis/json@https://registry.npmjs.org/@redis/json/-/json-1.0.7.tgz 0ms (cache hit)
1490 http cache @redis/graph@https://registry.npmjs.org/@redis/graph/-/graph-1.1.1.tgz 0ms (cache hit)
1491 http cache @redis/client@https://registry.npmjs.org/@redis/client/-/client-1.6.1.tgz 0ms (cache hit)
1492 http cache @redis/bloom@https://registry.npmjs.org/@redis/bloom/-/bloom-1.2.0.tgz 0ms (cache hit)
1493 http cache es-define-property@https://registry.npmjs.org/es-define-property/-/es-define-property-1.0.1.tgz 0ms (cache hit)
1494 http cache side-channel@https://registry.npmjs.org/side-channel/-/side-channel-1.1.1.tgz 0ms (cache hit)
1495 http cache forwarded@https://registry.npmjs.org/forwarded/-/forwarded-0.2.0.tgz 0ms (cache hit)
1496 http cache xtend@https://registry.npmjs.org/xtend/-/xtend-4.0.2.tgz 0ms (cache hit)
1497 http cache ipaddr.js@https://registry.npmjs.org/ipaddr.js/-/ipaddr.js-1.9.1.tgz 0ms (cache hit)
1498 http cache postgres-interval@https://registry.npmjs.org/postgres-interval/-/postgres-interval-1.2.0.tgz 0ms (cache hit)
1499 http cache split2@https://registry.npmjs.org/split2/-/split2-4.2.0.tgz 0ms (cache hit)
1500 http cache postgres-date@https://registry.npmjs.org/postgres-date/-/postgres-date-1.0.7.tgz 0ms (cache hit)
1501 http cache postgres-array@https://registry.npmjs.org/postgres-array/-/postgres-array-2.0.0.tgz 0ms (cache hit)
1502 http cache postgres-bytea@https://registry.npmjs.org/postgres-bytea/-/postgres-bytea-1.0.1.tgz 0ms (cache hit)
1503 http cache pgpass@https://registry.npmjs.org/pgpass/-/pgpass-1.0.5.tgz 0ms (cache hit)
1504 http cache pg-int8@https://registry.npmjs.org/pg-int8/-/pg-int8-1.0.1.tgz 0ms (cache hit)
1505 http cache pg-pool@https://registry.npmjs.org/pg-pool/-/pg-pool-3.14.0.tgz 0ms (cache hit)
1506 http cache pg-cloudflare@https://registry.npmjs.org/pg-cloudflare/-/pg-cloudflare-1.4.0.tgz 0ms (cache hit)
1507 http cache pg-connection-string@https://registry.npmjs.org/pg-connection-string/-/pg-connection-string-2.14.0.tgz 0ms (cache hit)
1508 http cache node-gyp-build-optional-packages@https://registry.npmjs.org/node-gyp-build-optional-packages/-/node-gyp-build-optional-packages-5.2.2.tgz 0ms (cache hit)
1509 http cache ee-first@https://registry.npmjs.org/ee-first/-/ee-first-1.1.1.tgz 0ms (cache hit)
1510 http cache detect-libc@https://registry.npmjs.org/detect-libc/-/detect-libc-2.1.2.tgz 0ms (cache hit)
1511 http cache msgpackr-extract@https://registry.npmjs.org/msgpackr-extract/-/msgpackr-extract-3.0.4.tgz 0ms (cache hit)
1512 http cache @msgpackr-extract/msgpackr-extract-win32-x64@https://registry.npmjs.org/@msgpackr-extract/msgpackr-extract-win32-x64/-/msgpackr-extract-win32-x64-3.0.4.tgz 0ms (cache hit)
1513 http cache mime-db@https://registry.npmjs.org/mime-db/-/mime-db-1.52.0.tgz 0ms (cache hit)
1514 http cache ecdsa-sig-formatter@https://registry.npmjs.org/ecdsa-sig-formatter/-/ecdsa-sig-formatter-1.0.11.tgz 0ms (cache hit)
1515 http cache buffer-equal-constant-time@https://registry.npmjs.org/buffer-equal-constant-time/-/buffer-equal-constant-time-1.0.1.tgz 0ms (cache hit)
1516 http cache jwa@https://registry.npmjs.org/jwa/-/jwa-2.0.1.tgz 0ms (cache hit)
1517 http cache lodash.once@https://registry.npmjs.org/lodash.once/-/lodash.once-4.1.1.tgz 0ms (cache hit)
1518 http cache lodash.isplainobject@https://registry.npmjs.org/lodash.isplainobject/-/lodash.isplainobject-4.0.6.tgz 0ms (cache hit)
1519 http cache lodash.isstring@https://registry.npmjs.org/lodash.isstring/-/lodash.isstring-4.0.1.tgz 0ms (cache hit)
1520 http cache lodash.isnumber@https://registry.npmjs.org/lodash.isnumber/-/lodash.isnumber-3.0.3.tgz 0ms (cache hit)
1521 http cache lodash.isinteger@https://registry.npmjs.org/lodash.isinteger/-/lodash.isinteger-4.0.4.tgz 0ms (cache hit)
1522 http cache lodash.isboolean@https://registry.npmjs.org/lodash.isboolean/-/lodash.isboolean-3.0.3.tgz 0ms (cache hit)
1523 http cache lodash.includes@https://registry.npmjs.org/lodash.includes/-/lodash.includes-4.3.0.tgz 0ms (cache hit)
1524 http cache jws@https://registry.npmjs.org/jws/-/jws-4.0.1.tgz 0ms (cache hit)
1525 http cache standard-as-callback@https://registry.npmjs.org/standard-as-callback/-/standard-as-callback-2.1.0.tgz 0ms (cache hit)
1526 http cache redis-parser@https://registry.npmjs.org/redis-parser/-/redis-parser-3.0.0.tgz 0ms (cache hit)
1527 http cache redis-errors@https://registry.npmjs.org/redis-errors/-/redis-errors-1.2.0.tgz 0ms (cache hit)
1528 http cache cluster-key-slot@https://registry.npmjs.org/cluster-key-slot/-/cluster-key-slot-1.1.1.tgz 0ms (cache hit)
1529 http cache denque@https://registry.npmjs.org/denque/-/denque-2.1.0.tgz 0ms (cache hit)
1530 http cache @ioredis/commands@https://registry.npmjs.org/@ioredis/commands/-/commands-1.10.0.tgz 0ms (cache hit)
1531 http cache toidentifier@https://registry.npmjs.org/toidentifier/-/toidentifier-1.0.1.tgz 0ms (cache hit)
1532 http cache ms@https://registry.npmjs.org/ms/-/ms-2.0.0.tgz 0ms (cache hit)
1533 http cache unpipe@https://registry.npmjs.org/unpipe/-/unpipe-1.0.0.tgz 0ms (cache hit)
1534 http cache inherits@https://registry.npmjs.org/inherits/-/inherits-2.0.4.tgz 0ms (cache hit)
1535 http cache raw-body@https://registry.npmjs.org/raw-body/-/raw-body-2.5.3.tgz 0ms (cache hit)
1536 http cache safer-buffer@https://registry.npmjs.org/safer-buffer/-/safer-buffer-2.1.2.tgz 0ms (cache hit)
1537 http cache iconv-lite@https://registry.npmjs.org/iconv-lite/-/iconv-lite-0.4.24.tgz 0ms (cache hit)
1538 http cache bytes@https://registry.npmjs.org/bytes/-/bytes-3.1.2.tgz 0ms (cache hit)
1539 http cache destroy@https://registry.npmjs.org/destroy/-/destroy-1.2.0.tgz 0ms (cache hit)
1540 http cache mime-types@https://registry.npmjs.org/mime-types/-/mime-types-2.1.35.tgz 0ms (cache hit)
1541 http cache utils-merge@https://registry.npmjs.org/utils-merge/-/utils-merge-1.0.1.tgz 0ms (cache hit)
1542 http cache type-is@https://registry.npmjs.org/type-is/-/type-is-1.6.18.tgz 0ms (cache hit)
1543 http cache negotiator@https://registry.npmjs.org/negotiator/-/negotiator-0.6.3.tgz 0ms (cache hit)
1544 http cache setprototypeof@https://registry.npmjs.org/setprototypeof/-/setprototypeof-1.2.0.tgz 0ms (cache hit)
1545 http cache statuses@https://registry.npmjs.org/statuses/-/statuses-2.0.2.tgz 0ms (cache hit)
1546 http cache send@https://registry.npmjs.org/send/-/send-0.19.2.tgz 0ms (cache hit)
1547 http cache safe-buffer@https://registry.npmjs.org/safe-buffer/-/safe-buffer-5.2.1.tgz 0ms (cache hit)
1548 http cache proxy-addr@https://registry.npmjs.org/proxy-addr/-/proxy-addr-2.0.7.tgz 0ms (cache hit)
1549 http cache serve-static@https://registry.npmjs.org/serve-static/-/serve-static-1.16.3.tgz 0ms (cache hit)
1550 http cache qs@https://registry.npmjs.org/qs/-/qs-6.15.3.tgz 0ms (cache hit)
1551 http cache range-parser@https://registry.npmjs.org/range-parser/-/range-parser-1.2.1.tgz 0ms (cache hit)
1552 http cache path-to-regexp@https://registry.npmjs.org/path-to-regexp/-/path-to-regexp-0.1.13.tgz 0ms (cache hit)
1553 http cache parseurl@https://registry.npmjs.org/parseurl/-/parseurl-1.3.3.tgz 0ms (cache hit)
1554 http cache merge-descriptors@https://registry.npmjs.org/merge-descriptors/-/merge-descriptors-1.0.3.tgz 0ms (cache hit)
1555 http cache methods@https://registry.npmjs.org/methods/-/methods-1.1.2.tgz 0ms (cache hit)
1556 http cache on-finished@https://registry.npmjs.org/on-finished/-/on-finished-2.4.1.tgz 0ms (cache hit)
1557 http cache fresh@https://registry.npmjs.org/fresh/-/fresh-0.5.2.tgz 0ms (cache hit)
1558 http cache http-errors@https://registry.npmjs.org/http-errors/-/http-errors-2.0.1.tgz 0ms (cache hit)
1559 http cache etag@https://registry.npmjs.org/etag/-/etag-1.8.1.tgz 0ms (cache hit)
1560 http cache escape-html@https://registry.npmjs.org/escape-html/-/escape-html-1.0.3.tgz 0ms (cache hit)
1561 http cache finalhandler@https://registry.npmjs.org/finalhandler/-/finalhandler-1.3.2.tgz 0ms (cache hit)
1562 http cache encodeurl@https://registry.npmjs.org/encodeurl/-/encodeurl-2.0.0.tgz 0ms (cache hit)
1563 http cache depd@https://registry.npmjs.org/depd/-/depd-2.0.0.tgz 0ms (cache hit)
1564 http cache debug@https://registry.npmjs.org/debug/-/debug-2.6.9.tgz 0ms (cache hit)
1565 http cache content-type@https://registry.npmjs.org/content-type/-/content-type-1.0.5.tgz 0ms (cache hit)
1566 http cache content-disposition@https://registry.npmjs.org/content-disposition/-/content-disposition-0.5.4.tgz 0ms (cache hit)
1567 http cache cookie-signature@https://registry.npmjs.org/cookie-signature/-/cookie-signature-1.0.7.tgz 0ms (cache hit)
1568 http cache cookie@https://registry.npmjs.org/cookie/-/cookie-0.7.2.tgz 0ms (cache hit)
1569 http cache body-parser@https://registry.npmjs.org/body-parser/-/body-parser-1.20.6.tgz 0ms (cache hit)
1570 http cache array-flatten@https://registry.npmjs.org/array-flatten/-/array-flatten-1.1.1.tgz 0ms (cache hit)
1571 http cache accepts@https://registry.npmjs.org/accepts/-/accepts-1.3.8.tgz 0ms (cache hit)
1572 http cache object-assign@https://registry.npmjs.org/object-assign/-/object-assign-4.1.1.tgz 0ms (cache hit)
1573 http cache vary@https://registry.npmjs.org/vary/-/vary-1.1.2.tgz 0ms (cache hit)
1574 http cache luxon@https://registry.npmjs.org/luxon/-/luxon-3.7.2.tgz 0ms (cache hit)
1575 http cache semver@https://registry.npmjs.org/semver/-/semver-7.8.5.tgz 0ms (cache hit)
1576 http cache tslib@https://registry.npmjs.org/tslib/-/tslib-2.8.1.tgz 0ms (cache hit)
1577 http cache node-abort-controller@https://registry.npmjs.org/node-abort-controller/-/node-abort-controller-3.1.1.tgz 0ms (cache hit)
1578 http cache @types/http-errors@https://registry.npmjs.org/@types/http-errors/-/http-errors-2.0.5.tgz 0ms (cache hit)
1579 http cache cron-parser@https://registry.npmjs.org/cron-parser/-/cron-parser-4.9.0.tgz 0ms (cache hit)
1580 http cache msgpackr@https://registry.npmjs.org/msgpackr/-/msgpackr-2.0.5.tgz 0ms (cache hit)
1581 http cache ioredis@https://registry.npmjs.org/ioredis/-/ioredis-5.11.1.tgz 0ms (cache hit)
1582 http cache @types/ms@https://registry.npmjs.org/@types/ms/-/ms-2.1.0.tgz 0ms (cache hit)
1583 http cache pg-types@https://registry.npmjs.org/pg-types/-/pg-types-2.2.0.tgz 0ms (cache hit)
1584 http cache undici-types@https://registry.npmjs.org/undici-types/-/undici-types-6.21.0.tgz 0ms (cache hit)
1585 http cache pg-protocol@https://registry.npmjs.org/pg-protocol/-/pg-protocol-1.16.0.tgz 0ms (cache hit)
1586 http cache @types/send@https://registry.npmjs.org/@types/send/-/send-1.2.1.tgz 0ms (cache hit)
1587 http cache @types/connect@https://registry.npmjs.org/@types/connect/-/connect-3.4.38.tgz 0ms (cache hit)
1588 http cache @types/range-parser@https://registry.npmjs.org/@types/range-parser/-/range-parser-1.2.7.tgz 0ms (cache hit)
1589 http cache @types/qs@https://registry.npmjs.org/@types/qs/-/qs-6.15.1.tgz 0ms (cache hit)
1590 http cache @types/body-parser@https://registry.npmjs.org/@types/body-parser/-/body-parser-1.19.6.tgz 0ms (cache hit)
1591 http cache @types/serve-static@https://registry.npmjs.org/@types/serve-static/-/serve-static-1.15.10.tgz 0ms (cache hit)
1592 http cache zod@https://registry.npmjs.org/zod/-/zod-3.25.76.tgz 0ms (cache hit)
1593 http cache @types/express-serve-static-core@https://registry.npmjs.org/@types/express-serve-static-core/-/express-serve-static-core-4.19.9.tgz 0ms (cache hit)
1594 http cache ts-node-dev@https://registry.npmjs.org/ts-node-dev/-/ts-node-dev-2.0.0.tgz 0ms (cache hit)
1595 http cache winston@https://registry.npmjs.org/winston/-/winston-3.19.0.tgz 0ms (cache hit)
1596 http cache typescript@https://registry.npmjs.org/typescript/-/typescript-5.9.3.tgz 0ms (cache hit)
1597 http cache ts-node@https://registry.npmjs.org/ts-node/-/ts-node-10.9.2.tgz 0ms (cache hit)
1598 http cache swagger-ui-express@https://registry.npmjs.org/swagger-ui-express/-/swagger-ui-express-5.0.1.tgz 0ms (cache hit)
1599 http cache pg@https://registry.npmjs.org/pg/-/pg-8.23.0.tgz 0ms (cache hit)
1600 http cache socket.io@https://registry.npmjs.org/socket.io/-/socket.io-4.8.3.tgz 0ms (cache hit)
1601 http cache jsonwebtoken@https://registry.npmjs.org/jsonwebtoken/-/jsonwebtoken-9.0.3.tgz 0ms (cache hit)
1602 http cache redis@https://registry.npmjs.org/redis/-/redis-4.7.1.tgz 0ms (cache hit)
1603 http cache express-rate-limit@https://registry.npmjs.org/express-rate-limit/-/express-rate-limit-7.5.1.tgz 0ms (cache hit)
1604 http cache helmet@https://registry.npmjs.org/helmet/-/helmet-7.2.0.tgz 0ms (cache hit)
1605 http cache dotenv@https://registry.npmjs.org/dotenv/-/dotenv-16.6.1.tgz 0ms (cache hit)
1606 http cache express@https://registry.npmjs.org/express/-/express-4.22.2.tgz 0ms (cache hit)
1607 http cache @types/swagger-ui-express@https://registry.npmjs.org/@types/swagger-ui-express/-/swagger-ui-express-4.1.8.tgz 0ms (cache hit)
1608 http cache cors@https://registry.npmjs.org/cors/-/cors-2.8.6.tgz 0ms (cache hit)
1609 http cache bullmq@https://registry.npmjs.org/bullmq/-/bullmq-5.81.3.tgz 0ms (cache hit)
1610 http cache bcryptjs@https://registry.npmjs.org/bcryptjs/-/bcryptjs-2.4.3.tgz 0ms (cache hit)
1611 http cache @types/pg@https://registry.npmjs.org/@types/pg/-/pg-8.23.1.tgz 0ms (cache hit)
1612 http cache @types/node@https://registry.npmjs.org/@types/node/-/node-20.19.43.tgz 0ms (cache hit)
1613 http cache @types/jsonwebtoken@https://registry.npmjs.org/@types/jsonwebtoken/-/jsonwebtoken-9.0.10.tgz 0ms (cache hit)
1614 http cache @types/express@https://registry.npmjs.org/@types/express/-/express-4.17.25.tgz 0ms (cache hit)
1615 http cache @types/cors@https://registry.npmjs.org/@types/cors/-/cors-2.8.19.tgz 0ms (cache hit)
1616 http cache ms@https://registry.npmjs.org/ms/-/ms-2.1.3.tgz 0ms (cache hit)
1617 http cache @types/bcryptjs@https://registry.npmjs.org/@types/bcryptjs/-/bcryptjs-2.4.6.tgz 0ms (cache hit)
1618 http cache ms@https://registry.npmjs.org/ms/-/ms-2.1.3.tgz 0ms (cache hit)
1619 http cache ms@https://registry.npmjs.org/ms/-/ms-2.1.3.tgz 0ms (cache hit)
1620 http cache debug@https://registry.npmjs.org/debug/-/debug-4.4.3.tgz 0ms (cache hit)
1621 http cache debug@https://registry.npmjs.org/debug/-/debug-4.4.3.tgz 0ms (cache hit)
1622 http cache debug@https://registry.npmjs.org/debug/-/debug-4.4.3.tgz 0ms (cache hit)
1623 http cache cluster-key-slot@https://registry.npmjs.org/cluster-key-slot/-/cluster-key-slot-1.1.2.tgz 0ms (cache hit)
1624 http cache ms@https://registry.npmjs.org/ms/-/ms-2.1.3.tgz 0ms (cache hit)
1625 http cache ms@https://registry.npmjs.org/ms/-/ms-2.1.3.tgz 0ms (cache hit)
1626 http cache ms@https://registry.npmjs.org/ms/-/ms-2.1.3.tgz 0ms (cache hit)
1627 http cache @types/send@https://registry.npmjs.org/@types/send/-/send-0.17.6.tgz 0ms (cache hit)
1628 http cache debug@https://registry.npmjs.org/debug/-/debug-4.4.3.tgz 0ms (cache hit)
1629 silly tarball no local data for @types/mime@https://registry.npmjs.org/@types/mime/-/mime-1.3.5.tgz. Extracting by manifest.
1630 http cache ms@https://registry.npmjs.org/ms/-/ms-2.1.3.tgz 0ms (cache hit)
1631 silly tarball no local data for util-deprecate@https://registry.npmjs.org/util-deprecate/-/util-deprecate-1.0.2.tgz. Extracting by manifest.
1632 silly tarball no local data for string_decoder@https://registry.npmjs.org/string_decoder/-/string_decoder-1.3.0.tgz. Extracting by manifest.
1633 silly tarball no local data for fn.name@https://registry.npmjs.org/fn.name/-/fn.name-1.1.0.tgz. Extracting by manifest.
1634 silly tarball no local data for fecha@https://registry.npmjs.org/fecha/-/fecha-4.2.3.tgz. Extracting by manifest.
1635 silly tarball no local data for text-hex@https://registry.npmjs.org/text-hex/-/text-hex-1.0.0.tgz. Extracting by manifest.
1636 http cache ms@https://registry.npmjs.org/ms/-/ms-2.1.3.tgz 0ms (cache hit)
1637 silly tarball no local data for @types/triple-beam@https://registry.npmjs.org/@types/triple-beam/-/triple-beam-1.3.5.tgz. Extracting by manifest.
1638 http cache debug@https://registry.npmjs.org/debug/-/debug-4.4.3.tgz 0ms (cache hit)
1639 silly tarball no local data for color-convert@https://registry.npmjs.org/color-convert/-/color-convert-3.1.3.tgz. Extracting by manifest.
1640 silly tarball no local data for color-string@https://registry.npmjs.org/color-string/-/color-string-2.1.4.tgz. Extracting by manifest.
1641 silly tarball no local data for color-name@https://registry.npmjs.org/color-name/-/color-name-2.1.1.tgz. Extracting by manifest.
1642 silly tarball no local data for enabled@https://registry.npmjs.org/enabled/-/enabled-2.0.0.tgz. Extracting by manifest.
1643 silly tarball no local data for @so-ric/colorspace@https://registry.npmjs.org/@so-ric/colorspace/-/colorspace-1.1.6.tgz. Extracting by manifest.
1644 silly tarball no local data for color@https://registry.npmjs.org/color/-/color-5.0.3.tgz. Extracting by manifest.
1645 silly tarball no local data for kuler@https://registry.npmjs.org/kuler/-/kuler-2.0.0.tgz. Extracting by manifest.
1646 silly tarball no local data for winston-transport@https://registry.npmjs.org/winston-transport/-/winston-transport-4.9.0.tgz. Extracting by manifest.
1647 silly tarball no local data for stack-trace@https://registry.npmjs.org/stack-trace/-/stack-trace-0.0.10.tgz. Extracting by manifest.
1648 silly tarball no local data for triple-beam@https://registry.npmjs.org/triple-beam/-/triple-beam-1.4.1.tgz. Extracting by manifest.
1649 silly tarball no local data for safe-stable-stringify@https://registry.npmjs.org/safe-stable-stringify/-/safe-stable-stringify-2.5.0.tgz. Extracting by manifest.
1650 silly tarball no local data for one-time@https://registry.npmjs.org/one-time/-/one-time-1.0.0.tgz. Extracting by manifest.
1651 silly tarball no local data for readable-stream@https://registry.npmjs.org/readable-stream/-/readable-stream-3.6.2.tgz. Extracting by manifest.
1652 silly tarball no local data for logform@https://registry.npmjs.org/logform/-/logform-2.7.0.tgz. Extracting by manifest.
1653 silly tarball no local data for async@https://registry.npmjs.org/async/-/async-3.2.6.tgz. Extracting by manifest.
1654 silly tarball no local data for is-stream@https://registry.npmjs.org/is-stream/-/is-stream-2.0.1.tgz. Extracting by manifest.
1655 silly tarball no local data for @colors/colors@https://registry.npmjs.org/@colors/colors/-/colors-1.6.0.tgz. Extracting by manifest.
1656 silly tarball no local data for @dabh/diagnostics@https://registry.npmjs.org/@dabh/diagnostics/-/diagnostics-2.0.8.tgz. Extracting by manifest.
1657 silly tarball no local data for media-typer@https://registry.npmjs.org/media-typer/-/media-typer-0.3.0.tgz. Extracting by manifest.
1658 silly tarball no local data for strip-json-comments@https://registry.npmjs.org/strip-json-comments/-/strip-json-comments-2.0.1.tgz. Extracting by manifest.
1659 silly tarball no local data for strip-bom@https://registry.npmjs.org/strip-bom/-/strip-bom-3.0.0.tgz. Extracting by manifest.
1660 silly tarball no local data for @types/strip-bom@https://registry.npmjs.org/@types/strip-bom/-/strip-bom-3.0.0.tgz. Extracting by manifest.
1661 silly tarball no local data for @types/strip-json-comments@https://registry.npmjs.org/@types/strip-json-comments/-/strip-json-comments-0.0.30.tgz. Extracting by manifest.
1662 silly tarball no local data for buffer-from@https://registry.npmjs.org/buffer-from/-/buffer-from-1.1.2.tgz. Extracting by manifest.
1663 silly tarball no local data for is-number@https://registry.npmjs.org/is-number/-/is-number-7.0.0.tgz. Extracting by manifest.
1664 silly tarball no local data for source-map@https://registry.npmjs.org/source-map/-/source-map-0.6.1.tgz. Extracting by manifest.
1665 silly tarball no local data for brace-expansion@https://registry.npmjs.org/brace-expansion/-/brace-expansion-1.1.18.tgz. Extracting by manifest.
1666 silly tarball no local data for balanced-match@https://registry.npmjs.org/balanced-match/-/balanced-match-1.0.2.tgz. Extracting by manifest.
1667 silly tarball no local data for concat-map@https://registry.npmjs.org/concat-map/-/concat-map-0.0.1.tgz. Extracting by manifest.
1668 silly tarball no local data for path-is-absolute@https://registry.npmjs.org/path-is-absolute/-/path-is-absolute-1.0.1.tgz. Extracting by manifest.
1669 silly tarball no local data for wrappy@https://registry.npmjs.org/wrappy/-/wrappy-1.0.2.tgz. Extracting by manifest.
1670 silly tarball no local data for once@https://registry.npmjs.org/once/-/once-1.4.0.tgz. Extracting by manifest.
1671 silly tarball no local data for minimatch@https://registry.npmjs.org/minimatch/-/minimatch-3.1.5.tgz. Extracting by manifest.
1672 silly tarball no local data for inflight@https://registry.npmjs.org/inflight/-/inflight-1.0.6.tgz. Extracting by manifest.
1673 silly tarball no local data for glob@https://registry.npmjs.org/glob/-/glob-7.2.3.tgz. Extracting by manifest.
1674 silly tarball no local data for fs.realpath@https://registry.npmjs.org/fs.realpath/-/fs.realpath-1.0.0.tgz. Extracting by manifest.
1675 silly tarball no local data for supports-preserve-symlinks-flag@https://registry.npmjs.org/supports-preserve-symlinks-flag/-/supports-preserve-symlinks-flag-1.0.0.tgz. Extracting by manifest.
1676 silly tarball no local data for is-core-module@https://registry.npmjs.org/is-core-module/-/is-core-module-2.16.2.tgz. Extracting by manifest.
1677 silly tarball no local data for binary-extensions@https://registry.npmjs.org/binary-extensions/-/binary-extensions-2.3.0.tgz. Extracting by manifest.
1678 silly tarball no local data for is-extglob@https://registry.npmjs.org/is-extglob/-/is-extglob-2.1.1.tgz. Extracting by manifest.
1679 silly tarball no local data for path-parse@https://registry.npmjs.org/path-parse/-/path-parse-1.0.7.tgz. Extracting by manifest.
1680 silly tarball no local data for fill-range@https://registry.npmjs.org/fill-range/-/fill-range-7.1.1.tgz. Extracting by manifest.
1681 silly tarball no local data for picomatch@https://registry.npmjs.org/picomatch/-/picomatch-2.3.2.tgz. Extracting by manifest.
1682 silly tarball no local data for to-regex-range@https://registry.npmjs.org/to-regex-range/-/to-regex-range-5.0.1.tgz. Extracting by manifest.
1683 silly tarball no local data for normalize-path@https://registry.npmjs.org/normalize-path/-/normalize-path-3.0.0.tgz. Extracting by manifest.
1684 silly tarball no local data for is-glob@https://registry.npmjs.org/is-glob/-/is-glob-4.0.3.tgz. Extracting by manifest.
1685 silly tarball no local data for is-binary-path@https://registry.npmjs.org/is-binary-path/-/is-binary-path-2.1.0.tgz. Extracting by manifest.
1686 silly tarball no local data for glob-parent@https://registry.npmjs.org/glob-parent/-/glob-parent-5.1.2.tgz. Extracting by manifest.
1687 silly tarball no local data for readdirp@https://registry.npmjs.org/readdirp/-/readdirp-3.6.0.tgz. Extracting by manifest.
1688 silly tarball no local data for braces@https://registry.npmjs.org/braces/-/braces-3.0.3.tgz. Extracting by manifest.
1689 silly tarball no local data for anymatch@https://registry.npmjs.org/anymatch/-/anymatch-3.1.3.tgz. Extracting by manifest.
1690 silly tarball no local data for source-map-support@https://registry.npmjs.org/source-map-support/-/source-map-support-0.5.21.tgz. Extracting by manifest.
1691 silly tarball no local data for tsconfig@https://registry.npmjs.org/tsconfig/-/tsconfig-7.0.0.tgz. Extracting by manifest.
1692 silly tarball no local data for tree-kill@https://registry.npmjs.org/tree-kill/-/tree-kill-1.2.2.tgz. Extracting by manifest.
1693 silly tarball no local data for rimraf@https://registry.npmjs.org/rimraf/-/rimraf-2.7.1.tgz. Extracting by manifest.
1694 silly tarball no local data for mkdirp@https://registry.npmjs.org/mkdirp/-/mkdirp-1.0.4.tgz. Extracting by manifest.
1695 silly tarball no local data for minimist@https://registry.npmjs.org/minimist/-/minimist-1.2.8.tgz. Extracting by manifest.
1696 silly tarball no local data for resolve@https://registry.npmjs.org/resolve/-/resolve-1.22.12.tgz. Extracting by manifest.
1697 silly tarball no local data for dynamic-dedupe@https://registry.npmjs.org/dynamic-dedupe/-/dynamic-dedupe-0.3.0.tgz. Extracting by manifest.
1698 silly tarball no local data for chokidar@https://registry.npmjs.org/chokidar/-/chokidar-3.6.0.tgz. Extracting by manifest.
1699 silly tarball no local data for @jridgewell/sourcemap-codec@https://registry.npmjs.org/@jridgewell/sourcemap-codec/-/sourcemap-codec-1.5.5.tgz. Extracting by manifest.
1700 silly tarball no local data for @jridgewell/resolve-uri@https://registry.npmjs.org/@jridgewell/resolve-uri/-/resolve-uri-3.1.2.tgz. Extracting by manifest.
1701 silly tarball no local data for @jridgewell/trace-mapping@https://registry.npmjs.org/@jridgewell/trace-mapping/-/trace-mapping-0.3.9.tgz. Extracting by manifest.
1702 silly tarball no local data for yn@https://registry.npmjs.org/yn/-/yn-3.1.1.tgz. Extracting by manifest.
1703 silly tarball no local data for v8-compile-cache-lib@https://registry.npmjs.org/v8-compile-cache-lib/-/v8-compile-cache-lib-3.0.1.tgz. Extracting by manifest.
1704 silly tarball no local data for make-error@https://registry.npmjs.org/make-error/-/make-error-1.3.6.tgz. Extracting by manifest.
1705 silly tarball no local data for diff@https://registry.npmjs.org/diff/-/diff-4.0.4.tgz. Extracting by manifest.
1706 silly tarball no local data for create-require@https://registry.npmjs.org/create-require/-/create-require-1.1.1.tgz. Extracting by manifest.
1707 silly tarball no local data for @tsconfig/node16@https://registry.npmjs.org/@tsconfig/node16/-/node16-1.0.4.tgz. Extracting by manifest.
1708 silly tarball no local data for arg@https://registry.npmjs.org/arg/-/arg-4.1.3.tgz. Extracting by manifest.
1709 silly tarball no local data for acorn-walk@https://registry.npmjs.org/acorn-walk/-/acorn-walk-8.3.5.tgz. Extracting by manifest.
1710 silly tarball no local data for acorn@https://registry.npmjs.org/acorn/-/acorn-8.18.0.tgz. Extracting by manifest.
1711 silly tarball no local data for @tsconfig/node14@https://registry.npmjs.org/@tsconfig/node14/-/node14-1.0.3.tgz. Extracting by manifest.
1712 silly tarball no local data for @tsconfig/node12@https://registry.npmjs.org/@tsconfig/node12/-/node12-1.0.11.tgz. Extracting by manifest.
1713 silly tarball no local data for @cspotcode/source-map-support@https://registry.npmjs.org/@cspotcode/source-map-support/-/source-map-support-0.8.1.tgz. Extracting by manifest.
1714 silly tarball no local data for @tsconfig/node10@https://registry.npmjs.org/@tsconfig/node10/-/node10-1.0.13.tgz. Extracting by manifest.
1715 silly tarball no local data for @scarf/scarf@https://registry.npmjs.org/@scarf/scarf/-/scarf-1.4.0.tgz. Extracting by manifest.
1716 silly tarball no local data for @socket.io/component-emitter@https://registry.npmjs.org/@socket.io/component-emitter/-/component-emitter-3.1.2.tgz. Extracting by manifest.
1717 silly tarball no local data for swagger-ui-dist@https://registry.npmjs.org/swagger-ui-dist/-/swagger-ui-dist-5.32.14.tgz. Extracting by manifest.
1718 silly tarball no local data for engine.io-parser@https://registry.npmjs.org/engine.io-parser/-/engine.io-parser-5.2.3.tgz. Extracting by manifest.
1719 silly tarball no local data for ws@https://registry.npmjs.org/ws/-/ws-8.21.3.tgz. Extracting by manifest.
1720 silly tarball no local data for @types/ws@https://registry.npmjs.org/@types/ws/-/ws-8.18.1.tgz. Extracting by manifest.
1721 silly tarball no local data for socket.io-parser@https://registry.npmjs.org/socket.io-parser/-/socket.io-parser-4.2.7.tgz. Extracting by manifest.
1722 silly tarball no local data for socket.io-adapter@https://registry.npmjs.org/socket.io-adapter/-/socket.io-adapter-2.5.8.tgz. Extracting by manifest.
1723 silly tarball no local data for engine.io@https://registry.npmjs.org/engine.io/-/engine.io-6.6.9.tgz. Extracting by manifest.
1724 silly tarball no local data for base64id@https://registry.npmjs.org/base64id/-/base64id-2.0.0.tgz. Extracting by manifest.
1725 silly tarball no local data for dunder-proto@https://registry.npmjs.org/dunder-proto/-/dunder-proto-1.0.1.tgz. Extracting by manifest.
1726 silly tarball no local data for math-intrinsics@https://registry.npmjs.org/math-intrinsics/-/math-intrinsics-1.1.0.tgz. Extracting by manifest.
1727 silly tarball no local data for hasown@https://registry.npmjs.org/hasown/-/hasown-2.0.4.tgz. Extracting by manifest.
1728 silly tarball no local data for has-symbols@https://registry.npmjs.org/has-symbols/-/has-symbols-1.1.0.tgz. Extracting by manifest.
1729 silly tarball no local data for gopd@https://registry.npmjs.org/gopd/-/gopd-1.2.0.tgz. Extracting by manifest.
1730 silly tarball no local data for get-proto@https://registry.npmjs.org/get-proto/-/get-proto-1.0.1.tgz. Extracting by manifest.
1731 silly tarball no local data for es-object-atoms@https://registry.npmjs.org/es-object-atoms/-/es-object-atoms-1.1.2.tgz. Extracting by manifest.
1732 silly tarball no local data for get-intrinsic@https://registry.npmjs.org/get-intrinsic/-/get-intrinsic-1.3.0.tgz. Extracting by manifest.
1733 silly tarball no local data for call-bind-apply-helpers@https://registry.npmjs.org/call-bind-apply-helpers/-/call-bind-apply-helpers-1.0.2.tgz. Extracting by manifest.
1734 silly tarball no local data for function-bind@https://registry.npmjs.org/function-bind/-/function-bind-1.1.2.tgz. Extracting by manifest.
1735 silly tarball no local data for side-channel-weakmap@https://registry.npmjs.org/side-channel-weakmap/-/side-channel-weakmap-1.0.2.tgz. Extracting by manifest.
1736 silly tarball no local data for side-channel-map@https://registry.npmjs.org/side-channel-map/-/side-channel-map-1.0.1.tgz. Extracting by manifest.
1737 silly tarball no local data for call-bound@https://registry.npmjs.org/call-bound/-/call-bound-1.0.4.tgz. Extracting by manifest.
1738 silly tarball no local data for side-channel-list@https://registry.npmjs.org/side-channel-list/-/side-channel-list-1.0.1.tgz. Extracting by manifest.
1739 silly tarball no local data for object-inspect@https://registry.npmjs.org/object-inspect/-/object-inspect-1.13.4.tgz. Extracting by manifest.
1740 silly tarball no local data for es-errors@https://registry.npmjs.org/es-errors/-/es-errors-1.3.0.tgz. Extracting by manifest.
1741 silly tarball no local data for yallist@https://registry.npmjs.org/yallist/-/yallist-4.0.0.tgz. Extracting by manifest.
1742 silly tarball no local data for generic-pool@https://registry.npmjs.org/generic-pool/-/generic-pool-3.9.0.tgz. Extracting by manifest.
1743 silly tarball no local data for mime@https://registry.npmjs.org/mime/-/mime-1.6.0.tgz. Extracting by manifest.
1744 silly tarball no local data for @redis/time-series@https://registry.npmjs.org/@redis/time-series/-/time-series-1.1.0.tgz. Extracting by manifest.
1745 silly tarball no local data for @redis/search@https://registry.npmjs.org/@redis/search/-/search-1.2.0.tgz. Extracting by manifest.
1746 silly tarball no local data for @redis/json@https://registry.npmjs.org/@redis/json/-/json-1.0.7.tgz. Extracting by manifest.
1747 silly tarball no local data for @redis/graph@https://registry.npmjs.org/@redis/graph/-/graph-1.1.1.tgz. Extracting by manifest.
1748 silly tarball no local data for @redis/client@https://registry.npmjs.org/@redis/client/-/client-1.6.1.tgz. Extracting by manifest.
1749 silly tarball no local data for @redis/bloom@https://registry.npmjs.org/@redis/bloom/-/bloom-1.2.0.tgz. Extracting by manifest.
1750 silly tarball no local data for es-define-property@https://registry.npmjs.org/es-define-property/-/es-define-property-1.0.1.tgz. Extracting by manifest.
1751 silly tarball no local data for side-channel@https://registry.npmjs.org/side-channel/-/side-channel-1.1.1.tgz. Extracting by manifest.
1752 silly tarball no local data for forwarded@https://registry.npmjs.org/forwarded/-/forwarded-0.2.0.tgz. Extracting by manifest.
1753 silly tarball no local data for xtend@https://registry.npmjs.org/xtend/-/xtend-4.0.2.tgz. Extracting by manifest.
1754 silly tarball no local data for ipaddr.js@https://registry.npmjs.org/ipaddr.js/-/ipaddr.js-1.9.1.tgz. Extracting by manifest.
1755 silly tarball no local data for postgres-interval@https://registry.npmjs.org/postgres-interval/-/postgres-interval-1.2.0.tgz. Extracting by manifest.
1756 silly tarball no local data for split2@https://registry.npmjs.org/split2/-/split2-4.2.0.tgz. Extracting by manifest.
1757 silly tarball no local data for postgres-date@https://registry.npmjs.org/postgres-date/-/postgres-date-1.0.7.tgz. Extracting by manifest.
1758 silly tarball no local data for postgres-array@https://registry.npmjs.org/postgres-array/-/postgres-array-2.0.0.tgz. Extracting by manifest.
1759 silly tarball no local data for postgres-bytea@https://registry.npmjs.org/postgres-bytea/-/postgres-bytea-1.0.1.tgz. Extracting by manifest.
1760 silly tarball no local data for pgpass@https://registry.npmjs.org/pgpass/-/pgpass-1.0.5.tgz. Extracting by manifest.
1761 silly tarball no local data for pg-int8@https://registry.npmjs.org/pg-int8/-/pg-int8-1.0.1.tgz. Extracting by manifest.
1762 silly tarball no local data for pg-pool@https://registry.npmjs.org/pg-pool/-/pg-pool-3.14.0.tgz. Extracting by manifest.
1763 silly tarball no local data for pg-cloudflare@https://registry.npmjs.org/pg-cloudflare/-/pg-cloudflare-1.4.0.tgz. Extracting by manifest.
1764 silly tarball no local data for pg-connection-string@https://registry.npmjs.org/pg-connection-string/-/pg-connection-string-2.14.0.tgz. Extracting by manifest.
1765 silly tarball no local data for node-gyp-build-optional-packages@https://registry.npmjs.org/node-gyp-build-optional-packages/-/node-gyp-build-optional-packages-5.2.2.tgz. Extracting by manifest.
1766 silly tarball no local data for ee-first@https://registry.npmjs.org/ee-first/-/ee-first-1.1.1.tgz. Extracting by manifest.
1767 silly tarball no local data for detect-libc@https://registry.npmjs.org/detect-libc/-/detect-libc-2.1.2.tgz. Extracting by manifest.
1768 silly tarball no local data for msgpackr-extract@https://registry.npmjs.org/msgpackr-extract/-/msgpackr-extract-3.0.4.tgz. Extracting by manifest.
1769 silly tarball no local data for @msgpackr-extract/msgpackr-extract-win32-x64@https://registry.npmjs.org/@msgpackr-extract/msgpackr-extract-win32-x64/-/msgpackr-extract-win32-x64-3.0.4.tgz. Extracting by manifest.
1770 silly tarball no local data for mime-db@https://registry.npmjs.org/mime-db/-/mime-db-1.52.0.tgz. Extracting by manifest.
1771 silly tarball no local data for ecdsa-sig-formatter@https://registry.npmjs.org/ecdsa-sig-formatter/-/ecdsa-sig-formatter-1.0.11.tgz. Extracting by manifest.
1772 silly tarball no local data for buffer-equal-constant-time@https://registry.npmjs.org/buffer-equal-constant-time/-/buffer-equal-constant-time-1.0.1.tgz. Extracting by manifest.
1773 silly tarball no local data for jwa@https://registry.npmjs.org/jwa/-/jwa-2.0.1.tgz. Extracting by manifest.
1774 silly tarball no local data for lodash.once@https://registry.npmjs.org/lodash.once/-/lodash.once-4.1.1.tgz. Extracting by manifest.
1775 silly tarball no local data for lodash.isplainobject@https://registry.npmjs.org/lodash.isplainobject/-/lodash.isplainobject-4.0.6.tgz. Extracting by manifest.
1776 silly tarball no local data for lodash.isstring@https://registry.npmjs.org/lodash.isstring/-/lodash.isstring-4.0.1.tgz. Extracting by manifest.
1777 silly tarball no local data for lodash.isnumber@https://registry.npmjs.org/lodash.isnumber/-/lodash.isnumber-3.0.3.tgz. Extracting by manifest.
1778 silly tarball no local data for lodash.isinteger@https://registry.npmjs.org/lodash.isinteger/-/lodash.isinteger-4.0.4.tgz. Extracting by manifest.
1779 silly tarball no local data for lodash.isboolean@https://registry.npmjs.org/lodash.isboolean/-/lodash.isboolean-3.0.3.tgz. Extracting by manifest.
1780 silly tarball no local data for lodash.includes@https://registry.npmjs.org/lodash.includes/-/lodash.includes-4.3.0.tgz. Extracting by manifest.
1781 silly tarball no local data for jws@https://registry.npmjs.org/jws/-/jws-4.0.1.tgz. Extracting by manifest.
1782 silly tarball no local data for standard-as-callback@https://registry.npmjs.org/standard-as-callback/-/standard-as-callback-2.1.0.tgz. Extracting by manifest.
1783 silly tarball no local data for redis-parser@https://registry.npmjs.org/redis-parser/-/redis-parser-3.0.0.tgz. Extracting by manifest.
1784 silly tarball no local data for redis-errors@https://registry.npmjs.org/redis-errors/-/redis-errors-1.2.0.tgz. Extracting by manifest.
1785 silly tarball no local data for cluster-key-slot@https://registry.npmjs.org/cluster-key-slot/-/cluster-key-slot-1.1.1.tgz. Extracting by manifest.
1786 silly tarball no local data for denque@https://registry.npmjs.org/denque/-/denque-2.1.0.tgz. Extracting by manifest.
1787 silly tarball no local data for @ioredis/commands@https://registry.npmjs.org/@ioredis/commands/-/commands-1.10.0.tgz. Extracting by manifest.
1788 silly tarball no local data for toidentifier@https://registry.npmjs.org/toidentifier/-/toidentifier-1.0.1.tgz. Extracting by manifest.
1789 silly tarball no local data for ms@https://registry.npmjs.org/ms/-/ms-2.0.0.tgz. Extracting by manifest.
1790 silly tarball no local data for unpipe@https://registry.npmjs.org/unpipe/-/unpipe-1.0.0.tgz. Extracting by manifest.
1791 silly tarball no local data for inherits@https://registry.npmjs.org/inherits/-/inherits-2.0.4.tgz. Extracting by manifest.
1792 silly tarball no local data for raw-body@https://registry.npmjs.org/raw-body/-/raw-body-2.5.3.tgz. Extracting by manifest.
1793 silly tarball no local data for safer-buffer@https://registry.npmjs.org/safer-buffer/-/safer-buffer-2.1.2.tgz. Extracting by manifest.
1794 silly tarball no local data for iconv-lite@https://registry.npmjs.org/iconv-lite/-/iconv-lite-0.4.24.tgz. Extracting by manifest.
1795 silly tarball no local data for bytes@https://registry.npmjs.org/bytes/-/bytes-3.1.2.tgz. Extracting by manifest.
1796 silly tarball no local data for destroy@https://registry.npmjs.org/destroy/-/destroy-1.2.0.tgz. Extracting by manifest.
1797 silly tarball no local data for mime-types@https://registry.npmjs.org/mime-types/-/mime-types-2.1.35.tgz. Extracting by manifest.
1798 silly tarball no local data for utils-merge@https://registry.npmjs.org/utils-merge/-/utils-merge-1.0.1.tgz. Extracting by manifest.
1799 silly tarball no local data for type-is@https://registry.npmjs.org/type-is/-/type-is-1.6.18.tgz. Extracting by manifest.
1800 silly tarball no local data for negotiator@https://registry.npmjs.org/negotiator/-/negotiator-0.6.3.tgz. Extracting by manifest.
1801 silly tarball no local data for setprototypeof@https://registry.npmjs.org/setprototypeof/-/setprototypeof-1.2.0.tgz. Extracting by manifest.
1802 silly tarball no local data for statuses@https://registry.npmjs.org/statuses/-/statuses-2.0.2.tgz. Extracting by manifest.
1803 silly tarball no local data for send@https://registry.npmjs.org/send/-/send-0.19.2.tgz. Extracting by manifest.
1804 silly tarball no local data for safe-buffer@https://registry.npmjs.org/safe-buffer/-/safe-buffer-5.2.1.tgz. Extracting by manifest.
1805 silly tarball no local data for proxy-addr@https://registry.npmjs.org/proxy-addr/-/proxy-addr-2.0.7.tgz. Extracting by manifest.
1806 silly tarball no local data for serve-static@https://registry.npmjs.org/serve-static/-/serve-static-1.16.3.tgz. Extracting by manifest.
1807 silly tarball no local data for qs@https://registry.npmjs.org/qs/-/qs-6.15.3.tgz. Extracting by manifest.
1808 silly tarball no local data for range-parser@https://registry.npmjs.org/range-parser/-/range-parser-1.2.1.tgz. Extracting by manifest.
1809 silly tarball no local data for path-to-regexp@https://registry.npmjs.org/path-to-regexp/-/path-to-regexp-0.1.13.tgz. Extracting by manifest.
1810 silly tarball no local data for parseurl@https://registry.npmjs.org/parseurl/-/parseurl-1.3.3.tgz. Extracting by manifest.
1811 silly tarball no local data for merge-descriptors@https://registry.npmjs.org/merge-descriptors/-/merge-descriptors-1.0.3.tgz. Extracting by manifest.
1812 silly tarball no local data for methods@https://registry.npmjs.org/methods/-/methods-1.1.2.tgz. Extracting by manifest.
1813 silly tarball no local data for on-finished@https://registry.npmjs.org/on-finished/-/on-finished-2.4.1.tgz. Extracting by manifest.
1814 silly tarball no local data for fresh@https://registry.npmjs.org/fresh/-/fresh-0.5.2.tgz. Extracting by manifest.
1815 silly tarball no local data for http-errors@https://registry.npmjs.org/http-errors/-/http-errors-2.0.1.tgz. Extracting by manifest.
1816 silly tarball no local data for etag@https://registry.npmjs.org/etag/-/etag-1.8.1.tgz. Extracting by manifest.
1817 silly tarball no local data for escape-html@https://registry.npmjs.org/escape-html/-/escape-html-1.0.3.tgz. Extracting by manifest.
1818 silly tarball no local data for finalhandler@https://registry.npmjs.org/finalhandler/-/finalhandler-1.3.2.tgz. Extracting by manifest.
1819 silly tarball no local data for encodeurl@https://registry.npmjs.org/encodeurl/-/encodeurl-2.0.0.tgz. Extracting by manifest.
1820 silly tarball no local data for depd@https://registry.npmjs.org/depd/-/depd-2.0.0.tgz. Extracting by manifest.
1821 silly tarball no local data for debug@https://registry.npmjs.org/debug/-/debug-2.6.9.tgz. Extracting by manifest.
1822 silly tarball no local data for content-type@https://registry.npmjs.org/content-type/-/content-type-1.0.5.tgz. Extracting by manifest.
1823 silly tarball no local data for content-disposition@https://registry.npmjs.org/content-disposition/-/content-disposition-0.5.4.tgz. Extracting by manifest.
1824 silly tarball no local data for cookie-signature@https://registry.npmjs.org/cookie-signature/-/cookie-signature-1.0.7.tgz. Extracting by manifest.
1825 silly tarball no local data for cookie@https://registry.npmjs.org/cookie/-/cookie-0.7.2.tgz. Extracting by manifest.
1826 silly tarball no local data for body-parser@https://registry.npmjs.org/body-parser/-/body-parser-1.20.6.tgz. Extracting by manifest.
1827 silly tarball no local data for array-flatten@https://registry.npmjs.org/array-flatten/-/array-flatten-1.1.1.tgz. Extracting by manifest.
1828 silly tarball no local data for accepts@https://registry.npmjs.org/accepts/-/accepts-1.3.8.tgz. Extracting by manifest.
1829 silly tarball no local data for object-assign@https://registry.npmjs.org/object-assign/-/object-assign-4.1.1.tgz. Extracting by manifest.
1830 silly tarball no local data for vary@https://registry.npmjs.org/vary/-/vary-1.1.2.tgz. Extracting by manifest.
1831 silly tarball no local data for luxon@https://registry.npmjs.org/luxon/-/luxon-3.7.2.tgz. Extracting by manifest.
1832 silly tarball no local data for semver@https://registry.npmjs.org/semver/-/semver-7.8.5.tgz. Extracting by manifest.
1833 silly tarball no local data for tslib@https://registry.npmjs.org/tslib/-/tslib-2.8.1.tgz. Extracting by manifest.
1834 silly tarball no local data for node-abort-controller@https://registry.npmjs.org/node-abort-controller/-/node-abort-controller-3.1.1.tgz. Extracting by manifest.
1835 silly tarball no local data for @types/http-errors@https://registry.npmjs.org/@types/http-errors/-/http-errors-2.0.5.tgz. Extracting by manifest.
1836 silly tarball no local data for cron-parser@https://registry.npmjs.org/cron-parser/-/cron-parser-4.9.0.tgz. Extracting by manifest.
1837 silly tarball no local data for msgpackr@https://registry.npmjs.org/msgpackr/-/msgpackr-2.0.5.tgz. Extracting by manifest.
1838 silly tarball no local data for ioredis@https://registry.npmjs.org/ioredis/-/ioredis-5.11.1.tgz. Extracting by manifest.
1839 silly tarball no local data for @types/ms@https://registry.npmjs.org/@types/ms/-/ms-2.1.0.tgz. Extracting by manifest.
1840 silly tarball no local data for pg-types@https://registry.npmjs.org/pg-types/-/pg-types-2.2.0.tgz. Extracting by manifest.
1841 silly tarball no local data for undici-types@https://registry.npmjs.org/undici-types/-/undici-types-6.21.0.tgz. Extracting by manifest.
1842 silly tarball no local data for pg-protocol@https://registry.npmjs.org/pg-protocol/-/pg-protocol-1.16.0.tgz. Extracting by manifest.
1843 silly tarball no local data for @types/send@https://registry.npmjs.org/@types/send/-/send-1.2.1.tgz. Extracting by manifest.
1844 silly tarball no local data for @types/connect@https://registry.npmjs.org/@types/connect/-/connect-3.4.38.tgz. Extracting by manifest.
1845 silly tarball no local data for @types/range-parser@https://registry.npmjs.org/@types/range-parser/-/range-parser-1.2.7.tgz. Extracting by manifest.
1846 silly tarball no local data for @types/qs@https://registry.npmjs.org/@types/qs/-/qs-6.15.1.tgz. Extracting by manifest.
1847 silly tarball no local data for @types/body-parser@https://registry.npmjs.org/@types/body-parser/-/body-parser-1.19.6.tgz. Extracting by manifest.
1848 silly tarball no local data for @types/serve-static@https://registry.npmjs.org/@types/serve-static/-/serve-static-1.15.10.tgz. Extracting by manifest.
1849 silly tarball no local data for zod@https://registry.npmjs.org/zod/-/zod-3.25.76.tgz. Extracting by manifest.
1850 silly tarball no local data for @types/express-serve-static-core@https://registry.npmjs.org/@types/express-serve-static-core/-/express-serve-static-core-4.19.9.tgz. Extracting by manifest.
1851 silly tarball no local data for ts-node-dev@https://registry.npmjs.org/ts-node-dev/-/ts-node-dev-2.0.0.tgz. Extracting by manifest.
1852 silly tarball no local data for winston@https://registry.npmjs.org/winston/-/winston-3.19.0.tgz. Extracting by manifest.
1853 silly tarball no local data for typescript@https://registry.npmjs.org/typescript/-/typescript-5.9.3.tgz. Extracting by manifest.
1854 silly tarball no local data for ts-node@https://registry.npmjs.org/ts-node/-/ts-node-10.9.2.tgz. Extracting by manifest.
1855 silly tarball no local data for swagger-ui-express@https://registry.npmjs.org/swagger-ui-express/-/swagger-ui-express-5.0.1.tgz. Extracting by manifest.
1856 silly tarball no local data for pg@https://registry.npmjs.org/pg/-/pg-8.23.0.tgz. Extracting by manifest.
1857 silly tarball no local data for socket.io@https://registry.npmjs.org/socket.io/-/socket.io-4.8.3.tgz. Extracting by manifest.
1858 silly tarball no local data for jsonwebtoken@https://registry.npmjs.org/jsonwebtoken/-/jsonwebtoken-9.0.3.tgz. Extracting by manifest.
1859 silly tarball no local data for redis@https://registry.npmjs.org/redis/-/redis-4.7.1.tgz. Extracting by manifest.
1860 silly tarball no local data for express-rate-limit@https://registry.npmjs.org/express-rate-limit/-/express-rate-limit-7.5.1.tgz. Extracting by manifest.
1861 silly tarball no local data for helmet@https://registry.npmjs.org/helmet/-/helmet-7.2.0.tgz. Extracting by manifest.
1862 silly tarball no local data for dotenv@https://registry.npmjs.org/dotenv/-/dotenv-16.6.1.tgz. Extracting by manifest.
1863 silly tarball no local data for express@https://registry.npmjs.org/express/-/express-4.22.2.tgz. Extracting by manifest.
1864 silly tarball no local data for @types/swagger-ui-express@https://registry.npmjs.org/@types/swagger-ui-express/-/swagger-ui-express-4.1.8.tgz. Extracting by manifest.
1865 silly tarball no local data for cors@https://registry.npmjs.org/cors/-/cors-2.8.6.tgz. Extracting by manifest.
1866 silly tarball no local data for bullmq@https://registry.npmjs.org/bullmq/-/bullmq-5.81.3.tgz. Extracting by manifest.
1867 silly tarball no local data for bcryptjs@https://registry.npmjs.org/bcryptjs/-/bcryptjs-2.4.3.tgz. Extracting by manifest.
1868 silly tarball no local data for @types/pg@https://registry.npmjs.org/@types/pg/-/pg-8.23.1.tgz. Extracting by manifest.
1869 silly tarball no local data for @types/node@https://registry.npmjs.org/@types/node/-/node-20.19.43.tgz. Extracting by manifest.
1870 silly tarball no local data for @types/jsonwebtoken@https://registry.npmjs.org/@types/jsonwebtoken/-/jsonwebtoken-9.0.10.tgz. Extracting by manifest.
1871 silly tarball no local data for @types/express@https://registry.npmjs.org/@types/express/-/express-4.17.25.tgz. Extracting by manifest.
1872 silly tarball no local data for @types/cors@https://registry.npmjs.org/@types/cors/-/cors-2.8.19.tgz. Extracting by manifest.
1873 silly tarball no local data for ms@https://registry.npmjs.org/ms/-/ms-2.1.3.tgz. Extracting by manifest.
1874 silly tarball no local data for @types/bcryptjs@https://registry.npmjs.org/@types/bcryptjs/-/bcryptjs-2.4.6.tgz. Extracting by manifest.
1875 silly tarball no local data for ms@https://registry.npmjs.org/ms/-/ms-2.1.3.tgz. Extracting by manifest.
1876 silly tarball no local data for ms@https://registry.npmjs.org/ms/-/ms-2.1.3.tgz. Extracting by manifest.
1877 silly tarball no local data for debug@https://registry.npmjs.org/debug/-/debug-4.4.3.tgz. Extracting by manifest.
1878 silly tarball no local data for debug@https://registry.npmjs.org/debug/-/debug-4.4.3.tgz. Extracting by manifest.
1879 silly tarball no local data for debug@https://registry.npmjs.org/debug/-/debug-4.4.3.tgz. Extracting by manifest.
1880 silly tarball no local data for cluster-key-slot@https://registry.npmjs.org/cluster-key-slot/-/cluster-key-slot-1.1.2.tgz. Extracting by manifest.
1881 silly tarball no local data for ms@https://registry.npmjs.org/ms/-/ms-2.1.3.tgz. Extracting by manifest.
1882 silly tarball no local data for ms@https://registry.npmjs.org/ms/-/ms-2.1.3.tgz. Extracting by manifest.
1883 silly tarball no local data for ms@https://registry.npmjs.org/ms/-/ms-2.1.3.tgz. Extracting by manifest.
1884 silly tarball no local data for @types/send@https://registry.npmjs.org/@types/send/-/send-0.17.6.tgz. Extracting by manifest.
1885 silly tarball no local data for debug@https://registry.npmjs.org/debug/-/debug-4.4.3.tgz. Extracting by manifest.
1886 silly tarball no local data for ms@https://registry.npmjs.org/ms/-/ms-2.1.3.tgz. Extracting by manifest.
1887 silly tarball no local data for ms@https://registry.npmjs.org/ms/-/ms-2.1.3.tgz. Extracting by manifest.
1888 silly tarball no local data for debug@https://registry.npmjs.org/debug/-/debug-4.4.3.tgz. Extracting by manifest.
1889 http fetch GET 200 https://registry.npmjs.org/@types/mime/-/mime-1.3.5.tgz 223ms (cache miss)
1890 http fetch GET 200 https://registry.npmjs.org/util-deprecate/-/util-deprecate-1.0.2.tgz 244ms (cache miss)
1891 http fetch GET 200 https://registry.npmjs.org/string_decoder/-/string_decoder-1.3.0.tgz 273ms (cache miss)
1892 http fetch GET 200 https://registry.npmjs.org/fn.name/-/fn.name-1.1.0.tgz 292ms (cache miss)
1893 http fetch GET 200 https://registry.npmjs.org/text-hex/-/text-hex-1.0.0.tgz 362ms (cache miss)
1894 http fetch GET 200 https://registry.npmjs.org/@types/triple-beam/-/triple-beam-1.3.5.tgz 501ms (cache miss)
1895 http fetch GET 200 https://registry.npmjs.org/fecha/-/fecha-4.2.3.tgz 519ms (cache miss)
1896 http fetch GET 200 https://registry.npmjs.org/color-convert/-/color-convert-3.1.3.tgz 586ms (cache miss)
1897 http fetch GET 200 https://registry.npmjs.org/enabled/-/enabled-2.0.0.tgz 621ms (cache miss)
1898 http fetch GET 200 https://registry.npmjs.org/color-name/-/color-name-2.1.1.tgz 647ms (cache miss)
1899 http fetch GET 200 https://registry.npmjs.org/stack-trace/-/stack-trace-0.0.10.tgz 701ms (cache miss)
1900 http fetch GET 200 https://registry.npmjs.org/triple-beam/-/triple-beam-1.4.1.tgz 721ms (cache miss)
1901 http fetch GET 200 https://registry.npmjs.org/safe-stable-stringify/-/safe-stable-stringify-2.5.0.tgz 754ms (cache miss)
1902 http fetch GET 200 https://registry.npmjs.org/one-time/-/one-time-1.0.0.tgz 771ms (cache miss)
1903 http fetch GET 200 https://registry.npmjs.org/readable-stream/-/readable-stream-3.6.2.tgz 978ms (cache miss)
1904 http fetch GET 200 https://registry.npmjs.org/color-string/-/color-string-2.1.4.tgz 1370ms (cache miss)
1905 http fetch GET 200 https://registry.npmjs.org/is-stream/-/is-stream-2.0.1.tgz 1522ms (cache miss)
1906 http fetch GET 200 https://registry.npmjs.org/@colors/colors/-/colors-1.6.0.tgz 1673ms (cache miss)
1907 http fetch GET 200 https://registry.npmjs.org/@dabh/diagnostics/-/diagnostics-2.0.8.tgz 1718ms (cache miss)
1908 http fetch GET 200 https://registry.npmjs.org/media-typer/-/media-typer-0.3.0.tgz 1736ms (cache miss)
1909 http fetch GET 200 https://registry.npmjs.org/logform/-/logform-2.7.0.tgz 1810ms (cache miss)
1910 http fetch GET 200 https://registry.npmjs.org/strip-json-comments/-/strip-json-comments-2.0.1.tgz 1833ms (cache miss)
1911 http fetch GET 200 https://registry.npmjs.org/strip-bom/-/strip-bom-3.0.0.tgz 1862ms (cache miss)
1912 http fetch GET 200 https://registry.npmjs.org/@types/strip-bom/-/strip-bom-3.0.0.tgz 1932ms (cache miss)
1913 http fetch GET 200 https://registry.npmjs.org/@types/strip-json-comments/-/strip-json-comments-0.0.30.tgz 2220ms (cache miss)
1914 http fetch GET 200 https://registry.npmjs.org/buffer-from/-/buffer-from-1.1.2.tgz 2226ms (cache miss)
1915 http fetch GET 200 https://registry.npmjs.org/is-number/-/is-number-7.0.0.tgz 2383ms (cache miss)
1916 http fetch GET 200 https://registry.npmjs.org/brace-expansion/-/brace-expansion-1.1.18.tgz 2741ms (cache miss)
1917 http fetch GET 200 https://registry.npmjs.org/concat-map/-/concat-map-0.0.1.tgz 2929ms (cache miss)
1918 http fetch GET 200 https://registry.npmjs.org/path-is-absolute/-/path-is-absolute-1.0.1.tgz 2973ms (cache miss)
1919 http fetch GET 200 https://registry.npmjs.org/wrappy/-/wrappy-1.0.2.tgz 3001ms (cache miss)
1920 http fetch GET 200 https://registry.npmjs.org/once/-/once-1.4.0.tgz 3007ms (cache miss)
1921 http fetch GET 200 https://registry.npmjs.org/minimatch/-/minimatch-3.1.5.tgz 3180ms (cache miss)
1922 http fetch GET 200 https://registry.npmjs.org/inflight/-/inflight-1.0.6.tgz 3196ms (cache miss)
1923 warn deprecated inflight@1.0.6: This module is not supported, and leaks memory. Do not use it. Check out lru-cache if you want a good and tested way to coalesce async requests by a key value, which is much more comprehensive and powerful.
1924 http fetch GET 200 https://registry.npmjs.org/glob/-/glob-7.2.3.tgz 3443ms (cache miss)
1925 warn deprecated glob@7.2.3: Old versions of glob are not supported, and contain widely publicized security vulnerabilities, which have been fixed in the current version. Please update. Support for old versions may be purchased (at exorbitant rates) by contacting i@izs.me
1926 http fetch GET 200 https://registry.npmjs.org/fs.realpath/-/fs.realpath-1.0.0.tgz 3806ms (cache miss)
1927 http fetch GET 200 https://registry.npmjs.org/supports-preserve-symlinks-flag/-/supports-preserve-symlinks-flag-1.0.0.tgz 3855ms (cache miss)
1928 http fetch GET 200 https://registry.npmjs.org/async/-/async-3.2.6.tgz 3938ms (cache miss)
1929 http fetch GET 200 https://registry.npmjs.org/is-core-module/-/is-core-module-2.16.2.tgz 4000ms (cache miss)
1930 http fetch GET 200 https://registry.npmjs.org/binary-extensions/-/binary-extensions-2.3.0.tgz 4010ms (cache miss)
1931 http fetch GET 200 https://registry.npmjs.org/is-extglob/-/is-extglob-2.1.1.tgz 4034ms (cache miss)
1932 http fetch GET 200 https://registry.npmjs.org/path-parse/-/path-parse-1.0.7.tgz 4192ms (cache miss)
1933 http fetch GET 200 https://registry.npmjs.org/fill-range/-/fill-range-7.1.1.tgz 4219ms (cache miss)
1934 http fetch GET 200 https://registry.npmjs.org/to-regex-range/-/to-regex-range-5.0.1.tgz 4880ms (cache miss)
1935 http fetch GET 200 https://registry.npmjs.org/normalize-path/-/normalize-path-3.0.0.tgz 4886ms (cache miss)
1936 http fetch GET 200 https://registry.npmjs.org/is-glob/-/is-glob-4.0.3.tgz 4921ms (cache miss)
1937 http fetch GET 200 https://registry.npmjs.org/is-binary-path/-/is-binary-path-2.1.0.tgz 4933ms (cache miss)
1938 http fetch GET 200 https://registry.npmjs.org/glob-parent/-/glob-parent-5.1.2.tgz 4960ms (cache miss)
1939 http fetch GET 200 https://registry.npmjs.org/readdirp/-/readdirp-3.6.0.tgz 4990ms (cache miss)
1940 http fetch GET 200 https://registry.npmjs.org/braces/-/braces-3.0.3.tgz 5237ms (cache miss)
1941 http fetch GET 200 https://registry.npmjs.org/anymatch/-/anymatch-3.1.3.tgz 5266ms (cache miss)
1942 http fetch GET 200 https://registry.npmjs.org/picomatch/-/picomatch-2.3.2.tgz 5436ms (cache miss)
1943 http fetch GET 200 https://registry.npmjs.org/color/-/color-5.0.3.tgz 5534ms (cache miss)
1944 http fetch GET 200 https://registry.npmjs.org/balanced-match/-/balanced-match-1.0.2.tgz 5529ms (cache miss)
1945 http fetch GET 200 https://registry.npmjs.org/tsconfig/-/tsconfig-7.0.0.tgz 5595ms (cache miss)
1946 http fetch GET 200 https://registry.npmjs.org/source-map-support/-/source-map-support-0.5.21.tgz 5637ms (cache miss)
1947 http fetch GET 200 https://registry.npmjs.org/rimraf/-/rimraf-2.7.1.tgz 5666ms (cache miss)
1948 warn deprecated rimraf@2.7.1: Rimraf versions prior to v4 are no longer supported
1949 http fetch GET 200 https://registry.npmjs.org/tree-kill/-/tree-kill-1.2.2.tgz 5695ms (cache miss)
1950 http fetch GET 200 https://registry.npmjs.org/mkdirp/-/mkdirp-1.0.4.tgz 5731ms (cache miss)
1951 http fetch GET 200 https://registry.npmjs.org/minimist/-/minimist-1.2.8.tgz 5844ms (cache miss)
1952 http fetch GET 200 https://registry.npmjs.org/dynamic-dedupe/-/dynamic-dedupe-0.3.0.tgz 6304ms (cache miss)
1953 http fetch GET 200 https://registry.npmjs.org/resolve/-/resolve-1.22.12.tgz 6338ms (cache miss)
1954 http fetch GET 200 https://registry.npmjs.org/@jridgewell/resolve-uri/-/resolve-uri-3.1.2.tgz 6628ms (cache miss)
1955 http fetch GET 200 https://registry.npmjs.org/@jridgewell/sourcemap-codec/-/sourcemap-codec-1.5.5.tgz 6655ms (cache miss)
1956 http fetch GET 200 https://registry.npmjs.org/yn/-/yn-3.1.1.tgz 6732ms (cache miss)
1957 http fetch GET 200 https://registry.npmjs.org/@jridgewell/trace-mapping/-/trace-mapping-0.3.9.tgz 6739ms (cache miss)
1958 http fetch GET 200 https://registry.npmjs.org/v8-compile-cache-lib/-/v8-compile-cache-lib-3.0.1.tgz 6771ms (cache miss)
1959 http fetch GET 200 https://registry.npmjs.org/create-require/-/create-require-1.1.1.tgz 6876ms (cache miss)
1960 http fetch GET 200 https://registry.npmjs.org/arg/-/arg-4.1.3.tgz 6916ms (cache miss)
1961 http fetch GET 200 https://registry.npmjs.org/@tsconfig/node16/-/node16-1.0.4.tgz 6931ms (cache miss)
1962 http fetch GET 200 https://registry.npmjs.org/chokidar/-/chokidar-3.6.0.tgz 6967ms (cache miss)
1963 http fetch GET 200 https://registry.npmjs.org/acorn-walk/-/acorn-walk-8.3.5.tgz 7012ms (cache miss)
1964 http fetch GET 200 https://registry.npmjs.org/@tsconfig/node14/-/node14-1.0.3.tgz 7139ms (cache miss)
1965 http fetch GET 200 https://registry.npmjs.org/@tsconfig/node12/-/node12-1.0.11.tgz 7151ms (cache miss)
1966 http fetch GET 200 https://registry.npmjs.org/@cspotcode/source-map-support/-/source-map-support-0.8.1.tgz 7559ms (cache miss)
1967 http fetch GET 200 https://registry.npmjs.org/@tsconfig/node10/-/node10-1.0.13.tgz 7654ms (cache miss)
1968 http fetch GET 200 https://registry.npmjs.org/@socket.io/component-emitter/-/component-emitter-3.1.2.tgz 7889ms (cache miss)
1969 http fetch GET 200 https://registry.npmjs.org/@scarf/scarf/-/scarf-1.4.0.tgz 7956ms (cache miss)
1970 http fetch GET 200 https://registry.npmjs.org/engine.io-parser/-/engine.io-parser-5.2.3.tgz 8003ms (cache miss)
1971 http fetch GET 200 https://registry.npmjs.org/@types/ws/-/ws-8.18.1.tgz 8214ms (cache miss)
1972 http fetch GET 200 https://registry.npmjs.org/socket.io-parser/-/socket.io-parser-4.2.7.tgz 8565ms (cache miss)
1973 http fetch GET 200 https://registry.npmjs.org/dunder-proto/-/dunder-proto-1.0.1.tgz 9143ms (cache miss)
1974 http fetch GET 200 https://registry.npmjs.org/math-intrinsics/-/math-intrinsics-1.1.0.tgz 9291ms (cache miss)
1975 http fetch GET 200 https://registry.npmjs.org/acorn/-/acorn-8.18.0.tgz 9410ms (cache miss)
1976 http fetch GET 200 https://registry.npmjs.org/kuler/-/kuler-2.0.0.tgz 9613ms (cache miss)
1977 http fetch GET 200 https://registry.npmjs.org/hasown/-/hasown-2.0.4.tgz 9657ms (cache miss)
1978 http fetch GET 200 https://registry.npmjs.org/@so-ric/colorspace/-/colorspace-1.1.6.tgz 9700ms (cache miss)
1979 http fetch GET 200 https://registry.npmjs.org/winston-transport/-/winston-transport-4.9.0.tgz 9799ms (cache miss)
1980 http fetch GET 200 https://registry.npmjs.org/has-symbols/-/has-symbols-1.1.0.tgz 10067ms (cache miss)
1981 http fetch GET 200 https://registry.npmjs.org/gopd/-/gopd-1.2.0.tgz 10194ms (cache miss)
1982 http fetch GET 200 https://registry.npmjs.org/make-error/-/make-error-1.3.6.tgz 10221ms (cache miss)
1983 http fetch GET 200 https://registry.npmjs.org/get-proto/-/get-proto-1.0.1.tgz 10296ms (cache miss)
1984 http fetch GET 200 https://registry.npmjs.org/es-object-atoms/-/es-object-atoms-1.1.2.tgz 10482ms (cache miss)
1985 http fetch GET 200 https://registry.npmjs.org/call-bind-apply-helpers/-/call-bind-apply-helpers-1.0.2.tgz 10640ms (cache miss)
1986 http fetch GET 200 https://registry.npmjs.org/function-bind/-/function-bind-1.1.2.tgz 10758ms (cache miss)
1987 http fetch GET 200 https://registry.npmjs.org/engine.io/-/engine.io-6.6.9.tgz 10902ms (cache miss)
1988 http fetch GET 200 https://registry.npmjs.org/side-channel-weakmap/-/side-channel-weakmap-1.0.2.tgz 10915ms (cache miss)
1989 http fetch GET 200 https://registry.npmjs.org/ws/-/ws-8.21.3.tgz 11016ms (cache miss)
1990 http fetch GET 200 https://registry.npmjs.org/call-bound/-/call-bound-1.0.4.tgz 11025ms (cache miss)
1991 http fetch GET 200 https://registry.npmjs.org/side-channel-list/-/side-channel-list-1.0.1.tgz 11053ms (cache miss)
1992 http fetch GET 200 https://registry.npmjs.org/get-intrinsic/-/get-intrinsic-1.3.0.tgz 11202ms (cache miss)
1993 http fetch GET 200 https://registry.npmjs.org/object-inspect/-/object-inspect-1.13.4.tgz 11213ms (cache miss)
1994 http fetch GET 200 https://registry.npmjs.org/es-errors/-/es-errors-1.3.0.tgz 11241ms (cache miss)
1995 http fetch GET 200 https://registry.npmjs.org/yallist/-/yallist-4.0.0.tgz 11301ms (cache miss)
1996 http fetch GET 200 https://registry.npmjs.org/mime/-/mime-1.6.0.tgz 11699ms (cache miss)
1997 http fetch GET 200 https://registry.npmjs.org/generic-pool/-/generic-pool-3.9.0.tgz 11703ms (cache miss)
1998 http fetch GET 200 https://registry.npmjs.org/side-channel-map/-/side-channel-map-1.0.1.tgz 11739ms (cache miss)
1999 http fetch GET 200 https://registry.npmjs.org/base64id/-/base64id-2.0.0.tgz 11837ms (cache miss)
2000 http fetch GET 200 https://registry.npmjs.org/es-define-property/-/es-define-property-1.0.1.tgz 12106ms (cache miss)
2001 http fetch GET 200 https://registry.npmjs.org/@redis/search/-/search-1.2.0.tgz 12158ms (cache miss)
2002 http fetch GET 200 https://registry.npmjs.org/@redis/graph/-/graph-1.1.1.tgz 12228ms (cache miss)
2003 http fetch GET 200 https://registry.npmjs.org/@redis/bloom/-/bloom-1.2.0.tgz 12285ms (cache miss)
2004 http fetch GET 200 https://registry.npmjs.org/socket.io-adapter/-/socket.io-adapter-2.5.8.tgz 12587ms (cache miss)
2005 http fetch GET 200 https://registry.npmjs.org/side-channel/-/side-channel-1.1.1.tgz 12589ms (cache miss)
2006 http fetch GET 200 https://registry.npmjs.org/@redis/json/-/json-1.0.7.tgz 12593ms (cache miss)
2007 http fetch GET 200 https://registry.npmjs.org/ipaddr.js/-/ipaddr.js-1.9.1.tgz 12707ms (cache miss)
2008 http fetch GET 200 https://registry.npmjs.org/postgres-interval/-/postgres-interval-1.2.0.tgz 12857ms (cache miss)
2009 http fetch GET 200 https://registry.npmjs.org/postgres-date/-/postgres-date-1.0.7.tgz 12875ms (cache miss)
2010 http fetch GET 200 https://registry.npmjs.org/split2/-/split2-4.2.0.tgz 12885ms (cache miss)
2011 http fetch GET 200 https://registry.npmjs.org/postgres-array/-/postgres-array-2.0.0.tgz 12899ms (cache miss)
2012 http fetch GET 200 https://registry.npmjs.org/@redis/time-series/-/time-series-1.1.0.tgz 12910ms (cache miss)
2013 http fetch GET 200 https://registry.npmjs.org/source-map/-/source-map-0.6.1.tgz 12951ms (cache miss)
2014 http fetch GET 200 https://registry.npmjs.org/postgres-bytea/-/postgres-bytea-1.0.1.tgz 13220ms (cache miss)
2015 http fetch GET 200 https://registry.npmjs.org/pgpass/-/pgpass-1.0.5.tgz 13247ms (cache miss)
2016 http fetch GET 200 https://registry.npmjs.org/forwarded/-/forwarded-0.2.0.tgz 13251ms (cache miss)
2017 http fetch GET 200 https://registry.npmjs.org/pg-int8/-/pg-int8-1.0.1.tgz 13260ms (cache miss)
2018 http fetch GET 200 https://registry.npmjs.org/pg-pool/-/pg-pool-3.14.0.tgz 13281ms (cache miss)
2019 http fetch GET 200 https://registry.npmjs.org/pg-cloudflare/-/pg-cloudflare-1.4.0.tgz 13323ms (cache miss)
2020 http fetch GET 200 https://registry.npmjs.org/ee-first/-/ee-first-1.1.1.tgz 13377ms (cache miss)
2021 http fetch GET 200 https://registry.npmjs.org/node-gyp-build-optional-packages/-/node-gyp-build-optional-packages-5.2.2.tgz 13381ms (cache miss)
2022 http fetch GET 200 https://registry.npmjs.org/detect-libc/-/detect-libc-2.1.2.tgz 13481ms (cache miss)
2023 http fetch GET 200 https://registry.npmjs.org/pg-connection-string/-/pg-connection-string-2.14.0.tgz 13557ms (cache miss)
2024 http fetch GET 200 https://registry.npmjs.org/msgpackr-extract/-/msgpackr-extract-3.0.4.tgz 13666ms (cache miss)
2025 http fetch GET 200 https://registry.npmjs.org/mime-db/-/mime-db-1.52.0.tgz 14182ms (cache miss)
2026 http fetch GET 200 https://registry.npmjs.org/ecdsa-sig-formatter/-/ecdsa-sig-formatter-1.0.11.tgz 14201ms (cache miss)
2027 http fetch GET 200 https://registry.npmjs.org/buffer-equal-constant-time/-/buffer-equal-constant-time-1.0.1.tgz 14219ms (cache miss)
2028 http fetch GET 200 https://registry.npmjs.org/jwa/-/jwa-2.0.1.tgz 14247ms (cache miss)
2029 http fetch GET 200 https://registry.npmjs.org/lodash.once/-/lodash.once-4.1.1.tgz 14292ms (cache miss)
2030 http fetch GET 200 https://registry.npmjs.org/xtend/-/xtend-4.0.2.tgz 14315ms (cache miss)
2031 http fetch GET 200 https://registry.npmjs.org/lodash.isstring/-/lodash.isstring-4.0.1.tgz 14307ms (cache miss)
2032 http fetch GET 200 https://registry.npmjs.org/lodash.isnumber/-/lodash.isnumber-3.0.3.tgz 14308ms (cache miss)
2033 http fetch GET 200 https://registry.npmjs.org/lodash.isplainobject/-/lodash.isplainobject-4.0.6.tgz 14309ms (cache miss)
2034 http fetch GET 200 https://registry.npmjs.org/@redis/client/-/client-1.6.1.tgz 14361ms (cache miss)
2035 http fetch GET 200 https://registry.npmjs.org/lodash.isinteger/-/lodash.isinteger-4.0.4.tgz 14529ms (cache miss)
2036 http fetch GET 200 https://registry.npmjs.org/lodash.isboolean/-/lodash.isboolean-3.0.3.tgz 14656ms (cache miss)
2037 http fetch GET 200 https://registry.npmjs.org/lodash.includes/-/lodash.includes-4.3.0.tgz 14694ms (cache miss)
2038 http fetch GET 200 https://registry.npmjs.org/redis-errors/-/redis-errors-1.2.0.tgz 15337ms (cache miss)
2039 http fetch GET 200 https://registry.npmjs.org/cluster-key-slot/-/cluster-key-slot-1.1.1.tgz 15362ms (cache miss)
2040 http fetch GET 200 https://registry.npmjs.org/unpipe/-/unpipe-1.0.0.tgz 15462ms (cache miss)
2041 http fetch GET 200 https://registry.npmjs.org/inherits/-/inherits-2.0.4.tgz 15474ms (cache miss)
2042 http fetch GET 200 https://registry.npmjs.org/raw-body/-/raw-body-2.5.3.tgz 15762ms (cache miss)
2043 http fetch GET 200 https://registry.npmjs.org/safer-buffer/-/safer-buffer-2.1.2.tgz 16081ms (cache miss)
2044 http fetch GET 200 https://registry.npmjs.org/diff/-/diff-4.0.4.tgz 16387ms (cache miss)
2045 http fetch GET 200 https://registry.npmjs.org/bytes/-/bytes-3.1.2.tgz 16360ms (cache miss)
2046 http fetch GET 200 https://registry.npmjs.org/destroy/-/destroy-1.2.0.tgz 16362ms (cache miss)
2047 http fetch GET 200 https://registry.npmjs.org/mime-types/-/mime-types-2.1.35.tgz 16367ms (cache miss)
2048 http fetch GET 200 https://registry.npmjs.org/@msgpackr-extract/msgpackr-extract-win32-x64/-/msgpackr-extract-win32-x64-3.0.4.tgz 16381ms (cache miss)
2049 http fetch GET 200 https://registry.npmjs.org/utils-merge/-/utils-merge-1.0.1.tgz 16923ms (cache miss)
2050 http fetch GET 200 https://registry.npmjs.org/safe-buffer/-/safe-buffer-5.2.1.tgz 17967ms (cache miss)
2051 http fetch GET 200 https://registry.npmjs.org/setprototypeof/-/setprototypeof-1.2.0.tgz 18384ms (cache miss)
2052 http fetch GET 200 https://registry.npmjs.org/ms/-/ms-2.0.0.tgz 18530ms (cache miss)
2053 http fetch GET 200 https://registry.npmjs.org/negotiator/-/negotiator-0.6.3.tgz 19666ms (cache miss)
2054 http fetch GET 200 https://registry.npmjs.org/type-is/-/type-is-1.6.18.tgz 19968ms (cache miss)
2055 http fetch GET 200 https://registry.npmjs.org/iconv-lite/-/iconv-lite-0.4.24.tgz 20182ms (cache miss)
2056 http fetch GET 200 https://registry.npmjs.org/jws/-/jws-4.0.1.tgz 20207ms (cache miss)
2057 http fetch GET 200 https://registry.npmjs.org/standard-as-callback/-/standard-as-callback-2.1.0.tgz 20293ms (cache miss)
2058 http fetch GET 200 https://registry.npmjs.org/serve-static/-/serve-static-1.16.3.tgz 20562ms (cache miss)
2059 http fetch GET 200 https://registry.npmjs.org/@ioredis/commands/-/commands-1.10.0.tgz 20632ms (cache miss)
2060 http fetch GET 200 https://registry.npmjs.org/send/-/send-0.19.2.tgz 20745ms (cache miss)
2061 http fetch GET 200 https://registry.npmjs.org/redis-parser/-/redis-parser-3.0.0.tgz 21266ms (cache miss)
2062 http fetch GET 200 https://registry.npmjs.org/statuses/-/statuses-2.0.2.tgz 21276ms (cache miss)
2063 http fetch GET 200 https://registry.npmjs.org/denque/-/denque-2.1.0.tgz 22208ms (cache miss)
2064 http fetch GET 200 https://registry.npmjs.org/escape-html/-/escape-html-1.0.3.tgz 22382ms (cache miss)
2065 http fetch GET 200 https://registry.npmjs.org/proxy-addr/-/proxy-addr-2.0.7.tgz 22570ms (cache miss)
2066 http fetch GET 200 https://registry.npmjs.org/finalhandler/-/finalhandler-1.3.2.tgz 23339ms (cache miss)
2067 http fetch GET 200 https://registry.npmjs.org/encodeurl/-/encodeurl-2.0.0.tgz 23480ms (cache miss)
2068 http fetch GET 200 https://registry.npmjs.org/content-type/-/content-type-1.0.5.tgz 24471ms (cache miss)
2069 http fetch GET 200 https://registry.npmjs.org/http-errors/-/http-errors-2.0.1.tgz 24599ms (cache miss)
2070 http fetch GET 200 https://registry.npmjs.org/merge-descriptors/-/merge-descriptors-1.0.3.tgz 24605ms (cache miss)
2071 http fetch GET 200 https://registry.npmjs.org/etag/-/etag-1.8.1.tgz 24604ms (cache miss)
2072 http fetch GET 200 https://registry.npmjs.org/methods/-/methods-1.1.2.tgz 24618ms (cache miss)
2073 http fetch GET 200 https://registry.npmjs.org/path-to-regexp/-/path-to-regexp-0.1.13.tgz 24637ms (cache miss)
2074 http fetch GET 200 https://registry.npmjs.org/toidentifier/-/toidentifier-1.0.1.tgz 24649ms (cache miss)
2075 http fetch GET 200 https://registry.npmjs.org/range-parser/-/range-parser-1.2.1.tgz 24745ms (cache miss)
2076 http fetch GET 200 https://registry.npmjs.org/on-finished/-/on-finished-2.4.1.tgz 24886ms (cache miss)
2077 http fetch GET 200 https://registry.npmjs.org/content-disposition/-/content-disposition-0.5.4.tgz 24885ms (cache miss)
2078 http fetch GET 200 https://registry.npmjs.org/cookie/-/cookie-0.7.2.tgz 25016ms (cache miss)
2079 http fetch GET 200 https://registry.npmjs.org/cookie-signature/-/cookie-signature-1.0.7.tgz 25042ms (cache miss)
2080 http fetch GET 200 https://registry.npmjs.org/object-assign/-/object-assign-4.1.1.tgz 25080ms (cache miss)
2081 http fetch GET 200 https://registry.npmjs.org/array-flatten/-/array-flatten-1.1.1.tgz 25130ms (cache miss)
2082 http fetch GET 200 https://registry.npmjs.org/debug/-/debug-2.6.9.tgz 25178ms (cache miss)
2083 http fetch GET 200 https://registry.npmjs.org/semver/-/semver-7.8.5.tgz 25418ms (cache miss)
2084 http fetch GET 200 https://registry.npmjs.org/accepts/-/accepts-1.3.8.tgz 25486ms (cache miss)
2085 http fetch GET 200 https://registry.npmjs.org/qs/-/qs-6.15.3.tgz 25676ms (cache miss)
2086 http fetch GET 200 https://registry.npmjs.org/parseurl/-/parseurl-1.3.3.tgz 25719ms (cache miss)
2087 http fetch GET 200 https://registry.npmjs.org/fresh/-/fresh-0.5.2.tgz 25871ms (cache miss)
2088 http fetch GET 200 https://registry.npmjs.org/@types/http-errors/-/http-errors-2.0.5.tgz 25982ms (cache miss)
2089 http fetch GET 200 https://registry.npmjs.org/node-abort-controller/-/node-abort-controller-3.1.1.tgz 26037ms (cache miss)
2090 http fetch GET 200 https://registry.npmjs.org/vary/-/vary-1.1.2.tgz 26952ms (cache miss)
2091 http fetch GET 200 https://registry.npmjs.org/@types/send/-/send-1.2.1.tgz 27302ms (cache miss)
2092 http fetch GET 200 https://registry.npmjs.org/@types/connect/-/connect-3.4.38.tgz 27356ms (cache miss)
2093 http fetch GET 200 https://registry.npmjs.org/@types/qs/-/qs-6.15.1.tgz 28185ms (cache miss)
2094 http fetch GET 200 https://registry.npmjs.org/@types/body-parser/-/body-parser-1.19.6.tgz 28336ms (cache miss)
2095 http fetch GET 200 https://registry.npmjs.org/@types/range-parser/-/range-parser-1.2.7.tgz 28526ms (cache miss)
2096 http fetch GET 200 https://registry.npmjs.org/cron-parser/-/cron-parser-4.9.0.tgz 28894ms (cache miss)
2097 warn deprecated cron-parser@4.9.0: v4 is no longer maintained, upgrade to v5
2098 http fetch GET 200 https://registry.npmjs.org/depd/-/depd-2.0.0.tgz 29027ms (cache miss)
2099 http fetch GET 200 https://registry.npmjs.org/pg-types/-/pg-types-2.2.0.tgz 29120ms (cache miss)
2100 http fetch GET 200 https://registry.npmjs.org/tslib/-/tslib-2.8.1.tgz 29243ms (cache miss)
2101 http fetch GET 200 https://registry.npmjs.org/@types/serve-static/-/serve-static-1.15.10.tgz 29257ms (cache miss)
2102 http fetch GET 200 https://registry.npmjs.org/ioredis/-/ioredis-5.11.1.tgz 29842ms (cache miss)
2103 http fetch GET 200 https://registry.npmjs.org/@types/ms/-/ms-2.1.0.tgz 32397ms (cache miss)
2104 http fetch GET 200 https://registry.npmjs.org/body-parser/-/body-parser-1.20.6.tgz 32625ms (cache miss)
2105 http fetch GET 200 https://registry.npmjs.org/pg/-/pg-8.23.0.tgz 32993ms (cache miss)
2106 http fetch GET 200 https://registry.npmjs.org/@types/express-serve-static-core/-/express-serve-static-core-4.19.9.tgz 33306ms (cache miss)
2107 http fetch GET 200 https://registry.npmjs.org/redis/-/redis-4.7.1.tgz 33987ms (cache miss)
2108 http fetch GET 200 https://registry.npmjs.org/swagger-ui-dist/-/swagger-ui-dist-5.32.14.tgz 36764ms (cache miss)
2109 http fetch GET 200 https://registry.npmjs.org/swagger-ui-express/-/swagger-ui-express-5.0.1.tgz 36925ms (cache miss)
2110 http fetch GET 200 https://registry.npmjs.org/undici-types/-/undici-types-6.21.0.tgz 37022ms (cache miss)
2111 http fetch GET 200 https://registry.npmjs.org/helmet/-/helmet-7.2.0.tgz 37030ms (cache miss)
2112 http fetch GET 200 https://registry.npmjs.org/dotenv/-/dotenv-16.6.1.tgz 37187ms (cache miss)
2113 http fetch GET 200 https://registry.npmjs.org/cors/-/cors-2.8.6.tgz 37379ms (cache miss)
2114 http fetch GET 200 https://registry.npmjs.org/msgpackr/-/msgpackr-2.0.5.tgz 37437ms (cache miss)
2115 http fetch GET 200 https://registry.npmjs.org/express/-/express-4.22.2.tgz 37470ms (cache miss)
2116 http fetch GET 200 https://registry.npmjs.org/@types/swagger-ui-express/-/swagger-ui-express-4.1.8.tgz 37799ms (cache miss)
2117 http fetch GET 200 https://registry.npmjs.org/jsonwebtoken/-/jsonwebtoken-9.0.3.tgz 38388ms (cache miss)
2118 http fetch GET 200 https://registry.npmjs.org/@types/jsonwebtoken/-/jsonwebtoken-9.0.10.tgz 38670ms (cache miss)
2119 http fetch GET 200 https://registry.npmjs.org/@types/cors/-/cors-2.8.19.tgz 39542ms (cache miss)
2120 http fetch GET 200 https://registry.npmjs.org/@types/pg/-/pg-8.23.1.tgz 39788ms (cache miss)
2121 http fetch GET 200 https://registry.npmjs.org/@types/express/-/express-4.17.25.tgz 39809ms (cache miss)
2122 http fetch GET 200 https://registry.npmjs.org/ms/-/ms-2.1.3.tgz 40067ms (cache miss)
2123 http fetch GET 200 https://registry.npmjs.org/bcryptjs/-/bcryptjs-2.4.3.tgz 40106ms (cache miss)
2124 http fetch GET 200 https://registry.npmjs.org/@types/bcryptjs/-/bcryptjs-2.4.6.tgz 40285ms (cache miss)
2125 http fetch GET 200 https://registry.npmjs.org/ms/-/ms-2.1.3.tgz 40520ms (cache miss)
2126 http fetch GET 200 https://registry.npmjs.org/express-rate-limit/-/express-rate-limit-7.5.1.tgz 41060ms (cache miss)
2127 http fetch GET 200 https://registry.npmjs.org/debug/-/debug-4.4.3.tgz 41057ms (cache miss)
2128 http fetch GET 200 https://registry.npmjs.org/debug/-/debug-4.4.3.tgz 41326ms (cache miss)
2129 http fetch GET 200 https://registry.npmjs.org/debug/-/debug-4.4.3.tgz 41327ms (cache miss)
2130 http fetch GET 200 https://registry.npmjs.org/@types/node/-/node-20.19.43.tgz 41584ms (cache miss)
2131 http fetch GET 200 https://registry.npmjs.org/ms/-/ms-2.1.3.tgz 42048ms (cache miss)
2132 http fetch GET 200 https://registry.npmjs.org/ms/-/ms-2.1.3.tgz 42198ms (cache miss)
2133 http fetch GET 200 https://registry.npmjs.org/ms/-/ms-2.1.3.tgz 42435ms (cache miss)
2134 http fetch GET 200 https://registry.npmjs.org/@types/send/-/send-0.17.6.tgz 42617ms (cache miss)
2135 http fetch GET 200 https://registry.npmjs.org/cluster-key-slot/-/cluster-key-slot-1.1.2.tgz 43017ms (cache miss)
2136 http fetch GET 200 https://registry.npmjs.org/ms/-/ms-2.1.3.tgz 43136ms (cache miss)
2137 http fetch GET 200 https://registry.npmjs.org/ms/-/ms-2.1.3.tgz 43360ms (cache miss)
2138 http fetch GET 200 https://registry.npmjs.org/ms/-/ms-2.1.3.tgz 43444ms (cache miss)
2139 http fetch GET 200 https://registry.npmjs.org/debug/-/debug-4.4.3.tgz 43723ms (cache miss)
2140 http fetch GET 200 https://registry.npmjs.org/winston/-/winston-3.19.0.tgz 43773ms (cache miss)
2141 http fetch GET 200 https://registry.npmjs.org/ts-node-dev/-/ts-node-dev-2.0.0.tgz 45116ms (cache miss)
2142 http fetch GET 200 https://registry.npmjs.org/debug/-/debug-4.4.3.tgz 46697ms (cache miss)
2143 http fetch GET 200 https://registry.npmjs.org/bullmq/-/bullmq-5.81.3.tgz 48555ms (cache miss)
2144 http fetch GET 200 https://registry.npmjs.org/zod/-/zod-3.25.76.tgz 49079ms (cache miss)
2145 http fetch GET 200 https://registry.npmjs.org/pg-protocol/-/pg-protocol-1.16.0.tgz 50142ms (cache miss)
2146 http fetch GET 200 https://registry.npmjs.org/ts-node/-/ts-node-10.9.2.tgz 52863ms (cache miss)
2147 warn tar TAR_ENTRY_ERROR ENOENT: no such file or directory, lstat 'C:\Users\vedan\Downloads\AVRGREEN-Nursery-Management-System-main\AVRGREEN-Nursery-Management-System-main\backend\node_modules\luxon\src'
2148 silly tar TAR_ENTRY_ERROR ENOENT: no such file or directory, lstat 'C:\Users\vedan\Downloads\AVRGREEN-Nursery-Management-System-main\AVRGREEN-Nursery-Management-System-main\backend\node_modules\luxon\src' [Error: ENOENT: no such file or directory, lstat 'C:\Users\vedan\Downloads\AVRGREEN-Nursery-Management-System-main\AVRGREEN-Nursery-Management-System-main\backend\node_modules\luxon\src'] {
2148 silly tar   errno: -4058,
2148 silly tar   code: 'ENOENT',
2148 silly tar   syscall: 'lstat',
2148 silly tar   path: 'C:/Users/vedan/Downloads/AVRGREEN-Nursery-Management-System-main/AVRGREEN-Nursery-Management-System-main/backend/node_modules/luxon/src',
2148 silly tar   entry: ReadEntry {
2148 silly tar     _events: [Object: null prototype] { end: [Function (anonymous)] },
2148 silly tar     _eventsCount: 1,
2148 silly tar     _maxListeners: undefined,
2148 silly tar     writable: false,
2148 silly tar     readable: true,
2148 silly tar     extended: undefined,
2148 silly tar     globalExtended: undefined,
2148 silly tar     header: Header {
2148 silly tar       cksumValid: true,
2148 silly tar       needPax: false,
2148 silly tar       nullBlock: false,
2148 silly tar       block: undefined,
2148 silly tar       path: 'package/src/luxon.js',
2148 silly tar       mode: 420,
2148 silly tar       uid: undefined,
2148 silly tar       gid: undefined,
2148 silly tar       size: 586,
2148 silly tar       cksum: 4965,
2148 silly tar       linkpath: '',
2148 silly tar       uname: '',
2148 silly tar       gname: '',
2148 silly tar       devmaj: 0,
2148 silly tar       devmin: 0,
2148 silly tar       atime: undefined,
2148 silly tar       ctime: undefined,
2148 silly tar       mtime: 1985-10-26T08:15:00.000Z,
2148 silly tar       charset: undefined,
2148 silly tar       comment: undefined
2148 silly tar     },
2148 silly tar     startBlockSize: 1024,
2148 silly tar     blockRemain: 0,
2148 silly tar     remain: 0,
2148 silly tar     type: 'File',
2148 silly tar     meta: false,
2148 silly tar     ignore: false,
2148 silly tar     path: 'src/luxon.js',
2148 silly tar     mode: 438,
2148 silly tar     uid: undefined,
2148 silly tar     gid: undefined,
2148 silly tar     uname: '',
2148 silly tar     gname: '',
2148 silly tar     size: 586,
2148 silly tar     mtime: 1985-10-26T08:15:00.000Z,
2148 silly tar     atime: undefined,
2148 silly tar     ctime: undefined,
2148 silly tar     linkpath: undefined,
2148 silly tar     dev: undefined,
2148 silly tar     ino: undefined,
2148 silly tar     nlink: undefined,
2148 silly tar     invalid: false,
2148 silly tar     absolute: 'C:/Users/vedan/Downloads/AVRGREEN-Nursery-Management-System-main/AVRGREEN-Nursery-Management-System-main/backend/node_modules/luxon/src/luxon.js',
2148 silly tar     unsupported: false,
2148 silly tar     Symbol(shapeMode): false,
2148 silly tar     Symbol(kCapture): false,
2148 silly tar     Symbol(flowing): false,
2148 silly tar     Symbol(paused): true,
2148 silly tar     Symbol(pipes): [],
2148 silly tar     Symbol(buffer): [
2148 silly tar       <Buffer 69 6d 70 6f 72 74 20 44 61 74 65 54 69 6d 65 20 66 72 6f 6d 20 22 2e 2f 64 61 74 65 74 69 6d 65 2e 6a 73 22 3b 0a 69 6d 70 6f 72 74 20 44 75 72 61 74 ... 536 more bytes>
2148 silly tar     ],
2148 silly tar     Symbol(objectMode): false,
2148 silly tar     Symbol(encoding): null,
2148 silly tar     Symbol(async): false,
2148 silly tar     Symbol(decoder): null,
2148 silly tar     Symbol(EOF): true,
2148 silly tar     Symbol(emittedEnd): false,
2148 silly tar     Symbol(emittingEnd): false,
2148 silly tar     Symbol(closed): false,
2148 silly tar     Symbol(emittedError): null,
2148 silly tar     Symbol(bufferLength): 586,
2148 silly tar     Symbol(destroyed): false,
2148 silly tar     Symbol(signal): undefined,
2148 silly tar     Symbol(aborted): false,
2148 silly tar     Symbol(dataListeners): 0,
2148 silly tar     Symbol(discarded): false
2148 silly tar   },
2148 silly tar   cwd: 'C:/Users/vedan/Downloads/AVRGREEN-Nursery-Management-System-main/AVRGREEN-Nursery-Management-System-main/backend/node_modules/luxon',
2148 silly tar   tarCode: 'TAR_ENTRY_ERROR'
2148 silly tar }
2149 warn tar TAR_ENTRY_ERROR ENOENT: no such file or directory, lstat 'C:\Users\vedan\Downloads\AVRGREEN-Nursery-Management-System-main\AVRGREEN-Nursery-Management-System-main\backend\node_modules\luxon\build'
2150 silly tar TAR_ENTRY_ERROR ENOENT: no such file or directory, lstat 'C:\Users\vedan\Downloads\AVRGREEN-Nursery-Management-System-main\AVRGREEN-Nursery-Management-System-main\backend\node_modules\luxon\build' [Error: ENOENT: no such file or directory, lstat 'C:\Users\vedan\Downloads\AVRGREEN-Nursery-Management-System-main\AVRGREEN-Nursery-Management-System-main\backend\node_modules\luxon\build'] {
2150 silly tar   errno: -4058,
2150 silly tar   code: 'ENOENT',
2150 silly tar   syscall: 'lstat',
2150 silly tar   path: 'C:/Users/vedan/Downloads/AVRGREEN-Nursery-Management-System-main/AVRGREEN-Nursery-Management-System-main/backend/node_modules/luxon/build',
2150 silly tar   entry: ReadEntry {
2150 silly tar     _events: [Object: null prototype] {
2150 silly tar       end: [Function (anonymous)],
2150 silly tar       drain: [Function]
2150 silly tar     },
2150 silly tar     _eventsCount: 2,
2150 silly tar     _maxListeners: undefined,
2150 silly tar     writable: true,
2150 silly tar     readable: true,
2150 silly tar     extended: undefined,
2150 silly tar     globalExtended: undefined,
2150 silly tar     header: Header {
2150 silly tar       cksumValid: true,
2150 silly tar       needPax: false,
2150 silly tar       nullBlock: false,
2150 silly tar       block: undefined,
2150 silly tar       path: 'package/build/global/luxon.min.js',
2150 silly tar       mode: 420,
2150 silly tar       uid: undefined,
2150 silly tar       gid: undefined,
2150 silly tar       size: 81694,
2150 silly tar       cksum: 6227,
2150 silly tar       linkpath: '',
2150 silly tar       uname: '',
2150 silly tar       gname: '',
2150 silly tar       devmaj: 0,
2150 silly tar       devmin: 0,
2150 silly tar       atime: undefined,
2150 silly tar       ctime: undefined,
2150 silly tar       mtime: 1985-10-26T08:15:00.000Z,
2150 silly tar       charset: undefined,
2150 silly tar       comment: undefined
2150 silly tar     },
2150 silly tar     startBlockSize: 81920,
2150 silly tar     blockRemain: 57340,
2150 silly tar     remain: 57114,
2150 silly tar     type: 'File',
2150 silly tar     meta: false,
2150 silly tar     ignore: false,
2150 silly tar     path: 'build/global/luxon.min.js',
2150 silly tar     mode: 438,
2150 silly tar     uid: undefined,
2150 silly tar     gid: undefined,
2150 silly tar     uname: '',
2150 silly tar     gname: '',
2150 silly tar     size: 81694,
2150 silly tar     mtime: 1985-10-26T08:15:00.000Z,
2150 silly tar     atime: undefined,
2150 silly tar     ctime: undefined,
2150 silly tar     linkpath: undefined,
2150 silly tar     dev: undefined,
2150 silly tar     ino: undefined,
2150 silly tar     nlink: undefined,
2150 silly tar     invalid: false,
2150 silly tar     absolute: 'C:/Users/vedan/Downloads/AVRGREEN-Nursery-Management-System-main/AVRGREEN-Nursery-Management-System-main/backend/node_modules/luxon/build/global/luxon.min.js',
2150 silly tar     unsupported: false,
2150 silly tar     Symbol(shapeMode): false,
2150 silly tar     Symbol(kCapture): false,
2150 silly tar     Symbol(flowing): false,
2150 silly tar     Symbol(paused): true,
2150 silly tar     Symbol(pipes): [],
2150 silly tar     Symbol(buffer): [
2150 silly tar       <Buffer 76 61 72 20 6c 75 78 6f 6e 3d 66 75 6e 63 74 69 6f 6e 28 65 29 7b 22 75 73 65 20 73 74 72 69 63 74 22 3b 66 75 6e 63 74 69 6f 6e 20 4c 28 65 2c 74 29 ... 5341 more bytes>,
2150 silly tar       <Buffer 3d 66 75 6e 63 74 69 6f 6e 28 65 2c 74 29 7b 72 65 74 75 72 6e 20 4f 74 28 65 2c 74 2e 66 6f 72 6d 61 74 2c 74 2e 6c 6f 63 61 6c 65 29 7d 2c 6e 2e 66 ... 16334 more bytes>,
2150 silly tar       <Buffer 20 64 74 28 29 7b 74 72 79 7b 72 65 74 75 72 6e 22 75 6e 64 65 66 69 6e 65 64 22 21 3d 74 79 70 65 6f 66 20 49 6e 74 6c 26 26 21 21 49 6e 74 6c 2e 4c ... 2755 more bytes>
2150 silly tar     ],
2150 silly tar     Symbol(objectMode): false,
2150 silly tar     Symbol(encoding): null,
2150 silly tar     Symbol(async): false,
2150 silly tar     Symbol(decoder): null,
2150 silly tar     Symbol(EOF): false,
2150 silly tar     Symbol(emittedEnd): false,
2150 silly tar     Symbol(emittingEnd): false,
2150 silly tar     Symbol(closed): false,
2150 silly tar     Symbol(emittedError): null,
2150 silly tar     Symbol(bufferLength): 24580,
2150 silly tar     Symbol(destroyed): false,
2150 silly tar     Symbol(signal): undefined,
2150 silly tar     Symbol(aborted): false,
2150 silly tar     Symbol(dataListeners): 0,
2150 silly tar     Symbol(discarded): false
2150 silly tar   },
2150 silly tar   cwd: 'C:/Users/vedan/Downloads/AVRGREEN-Nursery-Management-System-main/AVRGREEN-Nursery-Management-System-main/backend/node_modules/luxon',
2150 silly tar   tarCode: 'TAR_ENTRY_ERROR'
2150 silly tar }
2151 warn tar TAR_ENTRY_ERROR ENOENT: no such file or directory, lstat 'C:\Users\vedan\Downloads\AVRGREEN-Nursery-Management-System-main\AVRGREEN-Nursery-Management-System-main\backend\node_modules\luxon\src'
2152 silly tar TAR_ENTRY_ERROR ENOENT: no such file or directory, lstat 'C:\Users\vedan\Downloads\AVRGREEN-Nursery-Management-System-main\AVRGREEN-Nursery-Management-System-main\backend\node_modules\luxon\src' [Error: ENOENT: no such file or directory, lstat 'C:\Users\vedan\Downloads\AVRGREEN-Nursery-Management-System-main\AVRGREEN-Nursery-Management-System-main\backend\node_modules\luxon\src'] {
2152 silly tar   errno: -4058,
2152 silly tar   code: 'ENOENT',
2152 silly tar   syscall: 'lstat',
2152 silly tar   path: 'C:/Users/vedan/Downloads/AVRGREEN-Nursery-Management-System-main/AVRGREEN-Nursery-Management-System-main/backend/node_modules/luxon/src',
2152 silly tar   entry: ReadEntry {
2152 silly tar     _events: [Object: null prototype] {
2152 silly tar       end: [Function (anonymous)],
2152 silly tar       drain: [Function]
2152 silly tar     },
2152 silly tar     _eventsCount: 2,
2152 silly tar     _maxListeners: undefined,
2152 silly tar     writable: true,
2152 silly tar     readable: true,
2152 silly tar     extended: undefined,
2152 silly tar     globalExtended: undefined,
2152 silly tar     header: Header {
2152 silly tar       cksumValid: true,
2152 silly tar       needPax: false,
2152 silly tar       nullBlock: false,
2152 silly tar       block: undefined,
2152 silly tar       path: 'package/src/impl/regexParser.js',
2152 silly tar       mode: 420,
2152 silly tar       uid: undefined,
2152 silly tar       gid: undefined,
2152 silly tar       size: 10515,
2152 silly tar       cksum: 6050,
2152 silly tar       linkpath: '',
2152 silly tar       uname: '',
2152 silly tar       gname: '',
2152 silly tar       devmaj: 0,
2152 silly tar       devmin: 0,
2152 silly tar       atime: undefined,
2152 silly tar       ctime: undefined,
2152 silly tar       mtime: 1985-10-26T08:15:00.000Z,
2152 silly tar       charset: undefined,
2152 silly tar       comment: undefined
2152 silly tar     },
2152 silly tar     startBlockSize: 10752,
2152 silly tar     blockRemain: 10153,
2152 silly tar     remain: 9916,
2152 silly tar     type: 'File',
2152 silly tar     meta: false,
2152 silly tar     ignore: false,
2152 silly tar     path: 'src/impl/regexParser.js',
2152 silly tar     mode: 438,
2152 silly tar     uid: undefined,
2152 silly tar     gid: undefined,
2152 silly tar     uname: '',
2152 silly tar     gname: '',
2152 silly tar     size: 10515,
2152 silly tar     mtime: 1985-10-26T08:15:00.000Z,
2152 silly tar     atime: undefined,
2152 silly tar     ctime: undefined,
2152 silly tar     linkpath: undefined,
2152 silly tar     dev: undefined,
2152 silly tar     ino: undefined,
2152 silly tar     nlink: undefined,
2152 silly tar     invalid: false,
2152 silly tar     absolute: 'C:/Users/vedan/Downloads/AVRGREEN-Nursery-Management-System-main/AVRGREEN-Nursery-Management-System-main/backend/node_modules/luxon/src/impl/regexParser.js',
2152 silly tar     unsupported: false,
2152 silly tar     Symbol(shapeMode): false,
2152 silly tar     Symbol(kCapture): false,
2152 silly tar     Symbol(flowing): false,
2152 silly tar     Symbol(paused): true,
2152 silly tar     Symbol(pipes): [],
2152 silly tar     Symbol(buffer): [
2152 silly tar       <Buffer 69 6d 70 6f 72 74 20 7b 0a 20 20 75 6e 74 72 75 6e 63 61 74 65 59 65 61 72 2c 0a 20 20 73 69 67 6e 65 64 4f 66 66 73 65 74 2c 0a 20 20 70 61 72 73 65 ... 549 more bytes>
2152 silly tar     ],
2152 silly tar     Symbol(objectMode): false,
2152 silly tar     Symbol(encoding): null,
2152 silly tar     Symbol(async): false,
2152 silly tar     Symbol(decoder): null,
2152 silly tar     Symbol(EOF): false,
2152 silly tar     Symbol(emittedEnd): false,
2152 silly tar     Symbol(emittingEnd): false,
2152 silly tar     Symbol(closed): false,
2152 silly tar     Symbol(emittedError): null,
2152 silly tar     Symbol(bufferLength): 599,
2152 silly tar     Symbol(destroyed): false,
2152 silly tar     Symbol(signal): undefined,
2152 silly tar     Symbol(aborted): false,
2152 silly tar     Symbol(dataListeners): 0,
2152 silly tar     Symbol(discarded): false
2152 silly tar   },
2152 silly tar   cwd: 'C:/Users/vedan/Downloads/AVRGREEN-Nursery-Management-System-main/AVRGREEN-Nursery-Management-System-main/backend/node_modules/luxon',
2152 silly tar   tarCode: 'TAR_ENTRY_ERROR'
2152 silly tar }
2153 warn tar TAR_ENTRY_ERROR ENOENT: no such file or directory, lstat 'C:\Users\vedan\Downloads\AVRGREEN-Nursery-Management-System-main\AVRGREEN-Nursery-Management-System-main\backend\node_modules\luxon\src'
2154 silly tar TAR_ENTRY_ERROR ENOENT: no such file or directory, lstat 'C:\Users\vedan\Downloads\AVRGREEN-Nursery-Management-System-main\AVRGREEN-Nursery-Management-System-main\backend\node_modules\luxon\src' [Error: ENOENT: no such file or directory, lstat 'C:\Users\vedan\Downloads\AVRGREEN-Nursery-Management-System-main\AVRGREEN-Nursery-Management-System-main\backend\node_modules\luxon\src'] {
2154 silly tar   errno: -4058,
2154 silly tar   code: 'ENOENT',
2154 silly tar   syscall: 'lstat',
2154 silly tar   path: 'C:/Users/vedan/Downloads/AVRGREEN-Nursery-Management-System-main/AVRGREEN-Nursery-Management-System-main/backend/node_modules/luxon/src',
2154 silly tar   entry: ReadEntry {
2154 silly tar     _events: [Object: null prototype] { end: [Function (anonymous)] },
2154 silly tar     _eventsCount: 1,
2154 silly tar     _maxListeners: undefined,
2154 silly tar     writable: false,
2154 silly tar     readable: true,
2154 silly tar     extended: undefined,
2154 silly tar     globalExtended: undefined,
2154 silly tar     header: Header {
2154 silly tar       cksumValid: true,
2154 silly tar       needPax: false,
2154 silly tar       nullBlock: false,
2154 silly tar       block: undefined,
2154 silly tar       path: 'package/src/settings.js',
2154 silly tar       mode: 420,
2154 silly tar       uid: undefined,
2154 silly tar       gid: undefined,
2154 silly tar       size: 5577,
2154 silly tar       cksum: 5287,
2154 silly tar       linkpath: '',
2154 silly tar       uname: '',
2154 silly tar       gname: '',
2154 silly tar       devmaj: 0,
2154 silly tar       devmin: 0,
2154 silly tar       atime: undefined,
2154 silly tar       ctime: undefined,
2154 silly tar       mtime: 1985-10-26T08:15:00.000Z,
2154 silly tar       charset: undefined,
2154 silly tar       comment: undefined
2154 silly tar     },
2154 silly tar     startBlockSize: 5632,
2154 silly tar     blockRemain: 0,
2154 silly tar     remain: 0,
2154 silly tar     type: 'File',
2154 silly tar     meta: false,
2154 silly tar     ignore: false,
2154 silly tar     path: 'src/settings.js',
2154 silly tar     mode: 438,
2154 silly tar     uid: undefined,
2154 silly tar     gid: undefined,
2154 silly tar     uname: '',
2154 silly tar     gname: '',
2154 silly tar     size: 5577,
2154 silly tar     mtime: 1985-10-26T08:15:00.000Z,
2154 silly tar     atime: undefined,
2154 silly tar     ctime: undefined,
2154 silly tar     linkpath: undefined,
2154 silly tar     dev: undefined,
2154 silly tar     ino: undefined,
2154 silly tar     nlink: undefined,
2154 silly tar     invalid: false,
2154 silly tar     absolute: 'C:/Users/vedan/Downloads/AVRGREEN-Nursery-Management-System-main/AVRGREEN-Nursery-Management-System-main/backend/node_modules/luxon/src/settings.js',
2154 silly tar     unsupported: false,
2154 silly tar     Symbol(shapeMode): false,
2154 silly tar     Symbol(kCapture): false,
2154 silly tar     Symbol(flowing): false,
2154 silly tar     Symbol(paused): true,
2154 silly tar     Symbol(pipes): [],
2154 silly tar     Symbol(buffer): [
2154 silly tar       <Buffer 69 6d 70 6f 72 74 20 53 79 73 74 65 6d 5a 6f 6e 65 20 66 72 6f 6d 20 22 2e 2f 7a 6f 6e 65 73 2f 73 79 73 74 65 6d 5a 6f 6e 65 2e 6a 73 22 3b 0a 69 6d ... 5527 more bytes>
2154 silly tar     ],
2154 silly tar     Symbol(objectMode): false,
2154 silly tar     Symbol(encoding): null,
2154 silly tar     Symbol(async): false,
2154 silly tar     Symbol(decoder): null,
2154 silly tar     Symbol(EOF): true,
2154 silly tar     Symbol(emittedEnd): false,
2154 silly tar     Symbol(emittingEnd): false,
2154 silly tar     Symbol(closed): false,
2154 silly tar     Symbol(emittedError): null,
2154 silly tar     Symbol(bufferLength): 5577,
2154 silly tar     Symbol(destroyed): false,
2154 silly tar     Symbol(signal): undefined,
2154 silly tar     Symbol(aborted): false,
2154 silly tar     Symbol(dataListeners): 0,
2154 silly tar     Symbol(discarded): false
2154 silly tar   },
2154 silly tar   cwd: 'C:/Users/vedan/Downloads/AVRGREEN-Nursery-Management-System-main/AVRGREEN-Nursery-Management-System-main/backend/node_modules/luxon',
2154 silly tar   tarCode: 'TAR_ENTRY_ERROR'
2154 silly tar }
2155 warn tar TAR_ENTRY_ERROR ENOENT: no such file or directory, lstat 'C:\Users\vedan\Downloads\AVRGREEN-Nursery-Management-System-main\AVRGREEN-Nursery-Management-System-main\backend\node_modules\luxon\src'
2156 silly tar TAR_ENTRY_ERROR ENOENT: no such file or directory, lstat 'C:\Users\vedan\Downloads\AVRGREEN-Nursery-Management-System-main\AVRGREEN-Nursery-Management-System-main\backend\node_modules\luxon\src' [Error: ENOENT: no such file or directory, lstat 'C:\Users\vedan\Downloads\AVRGREEN-Nursery-Management-System-main\AVRGREEN-Nursery-Management-System-main\backend\node_modules\luxon\src'] {
2156 silly tar   errno: -4058,
2156 silly tar   code: 'ENOENT',
2156 silly tar   syscall: 'lstat',
2156 silly tar   path: 'C:/Users/vedan/Downloads/AVRGREEN-Nursery-Management-System-main/AVRGREEN-Nursery-Management-System-main/backend/node_modules/luxon/src',
2156 silly tar   entry: ReadEntry {
2156 silly tar     _events: [Object: null prototype] { end: [Function (anonymous)] },
2156 silly tar     _eventsCount: 1,
2156 silly tar     _maxListeners: undefined,
2156 silly tar     writable: false,
2156 silly tar     readable: true,
2156 silly tar     extended: undefined,
2156 silly tar     globalExtended: undefined,
2156 silly tar     header: Header {
2156 silly tar       cksumValid: true,
2156 silly tar       needPax: false,
2156 silly tar       nullBlock: false,
2156 silly tar       block: undefined,
2156 silly tar       path: 'package/src/zones/systemZone.js',
2156 silly tar       mode: 420,
2156 silly tar       uid: undefined,
2156 silly tar       gid: undefined,
2156 silly tar       size: 1147,
2156 silly tar       cksum: 6102,
2156 silly tar       linkpath: '',
2156 silly tar       uname: '',
2156 silly tar       gname: '',
2156 silly tar       devmaj: 0,
2156 silly tar       devmin: 0,
2156 silly tar       atime: undefined,
2156 silly tar       ctime: undefined,
2156 silly tar       mtime: 1985-10-26T08:15:00.000Z,
2156 silly tar       charset: undefined,
2156 silly tar       comment: undefined
2156 silly tar     },
2156 silly tar     startBlockSize: 1536,
2156 silly tar     blockRemain: 0,
2156 silly tar     remain: 0,
2156 silly tar     type: 'File',
2156 silly tar     meta: false,
2156 silly tar     ignore: false,
2156 silly tar     path: 'src/zones/systemZone.js',
2156 silly tar     mode: 438,
2156 silly tar     uid: undefined,
2156 silly tar     gid: undefined,
2156 silly tar     uname: '',
2156 silly tar     gname: '',
2156 silly tar     size: 1147,
2156 silly tar     mtime: 1985-10-26T08:15:00.000Z,
2156 silly tar     atime: undefined,
2156 silly tar     ctime: undefined,
2156 silly tar     linkpath: undefined,
2156 silly tar     dev: undefined,
2156 silly tar     ino: undefined,
2156 silly tar     nlink: undefined,
2156 silly tar     invalid: false,
2156 silly tar     absolute: 'C:/Users/vedan/Downloads/AVRGREEN-Nursery-Management-System-main/AVRGREEN-Nursery-Management-System-main/backend/node_modules/luxon/src/zones/systemZone.js',
2156 silly tar     unsupported: false,
2156 silly tar     Symbol(shapeMode): false,
2156 silly tar     Symbol(kCapture): false,
2156 silly tar     Symbol(flowing): false,
2156 silly tar     Symbol(paused): true,
2156 silly tar     Symbol(pipes): [],
2156 silly tar     Symbol(buffer): [
2156 silly tar       <Buffer 69 6d 70 6f 72 74 20 7b 20 66 6f 72 6d 61 74 4f 66 66 73 65 74 2c 20 70 61 72 73 65 5a 6f 6e 65 49 6e 66 6f 20 7d 20 66 72 6f 6d 20 22 2e 2e 2f 69 6d ... 1097 more bytes>
2156 silly tar     ],
2156 silly tar     Symbol(objectMode): false,
2156 silly tar     Symbol(encoding): null,
2156 silly tar     Symbol(async): false,
2156 silly tar     Symbol(decoder): null,
2156 silly tar     Symbol(EOF): true,
2156 silly tar     Symbol(emittedEnd): false,
2156 silly tar     Symbol(emittingEnd): false,
2156 silly tar     Symbol(closed): false,
2156 silly tar     Symbol(emittedError): null,
2156 silly tar     Symbol(bufferLength): 1147,
2156 silly tar     Symbol(destroyed): false,
2156 silly tar     Symbol(signal): undefined,
2156 silly tar     Symbol(aborted): false,
2156 silly tar     Symbol(dataListeners): 0,
2156 silly tar     Symbol(discarded): false
2156 silly tar   },
2156 silly tar   cwd: 'C:/Users/vedan/Downloads/AVRGREEN-Nursery-Management-System-main/AVRGREEN-Nursery-Management-System-main/backend/node_modules/luxon',
2156 silly tar   tarCode: 'TAR_ENTRY_ERROR'
2156 silly tar }
2157 warn tar TAR_ENTRY_ERROR ENOENT: no such file or directory, lstat 'C:\Users\vedan\Downloads\AVRGREEN-Nursery-Management-System-main\AVRGREEN-Nursery-Management-System-main\backend\node_modules\luxon\src'
2158 silly tar TAR_ENTRY_ERROR ENOENT: no such file or directory, lstat 'C:\Users\vedan\Downloads\AVRGREEN-Nursery-Management-System-main\AVRGREEN-Nursery-Management-System-main\backend\node_modules\luxon\src' [Error: ENOENT: no such file or directory, lstat 'C:\Users\vedan\Downloads\AVRGREEN-Nursery-Management-System-main\AVRGREEN-Nursery-Management-System-main\backend\node_modules\luxon\src'] {
2158 silly tar   errno: -4058,
2158 silly tar   code: 'ENOENT',
2158 silly tar   syscall: 'lstat',
2158 silly tar   path: 'C:/Users/vedan/Downloads/AVRGREEN-Nursery-Management-System-main/AVRGREEN-Nursery-Management-System-main/backend/node_modules/luxon/src',
2158 silly tar   entry: ReadEntry {
2158 silly tar     _events: [Object: null prototype] { end: [Function (anonymous)] },
2158 silly tar     _eventsCount: 1,
2158 silly tar     _maxListeners: undefined,
2158 silly tar     writable: false,
2158 silly tar     readable: true,
2158 silly tar     extended: undefined,
2158 silly tar     globalExtended: undefined,
2158 silly tar     header: Header {
2158 silly tar       cksumValid: true,
2158 silly tar       needPax: false,
2158 silly tar       nullBlock: false,
2158 silly tar       block: undefined,
2158 silly tar       path: 'package/src/impl/tokenParser.js',
2158 silly tar       mode: 420,
2158 silly tar       uid: undefined,
2158 silly tar       gid: undefined,
2158 silly tar       size: 13001,
2158 silly tar       cksum: 6050,
2158 silly tar       linkpath: '',
2158 silly tar       uname: '',
2158 silly tar       gname: '',
2158 silly tar       devmaj: 0,
2158 silly tar       devmin: 0,
2158 silly tar       atime: undefined,
2158 silly tar       ctime: undefined,
2158 silly tar       mtime: 1985-10-26T08:15:00.000Z,
2158 silly tar       charset: undefined,
2158 silly tar       comment: undefined
2158 silly tar     },
2158 silly tar     startBlockSize: 13312,
2158 silly tar     blockRemain: 0,
2158 silly tar     remain: 0,
2158 silly tar     type: 'File',
2158 silly tar     meta: false,
2158 silly tar     ignore: false,
2158 silly tar     path: 'src/impl/tokenParser.js',
2158 silly tar     mode: 438,
2158 silly tar     uid: undefined,
2158 silly tar     gid: undefined,
2158 silly tar     uname: '',
2158 silly tar     gname: '',
2158 silly tar     size: 13001,
2158 silly tar     mtime: 1985-10-26T08:15:00.000Z,
2158 silly tar     atime: undefined,
2158 silly tar     ctime: undefined,
2158 silly tar     linkpath: undefined,
2158 silly tar     dev: undefined,
2158 silly tar     ino: undefined,
2158 silly tar     nlink: undefined,
2158 silly tar     invalid: false,
2158 silly tar     absolute: 'C:/Users/vedan/Downloads/AVRGREEN-Nursery-Management-System-main/AVRGREEN-Nursery-Management-System-main/backend/node_modules/luxon/src/impl/tokenParser.js',
2158 silly tar     unsupported: false,
2158 silly tar     Symbol(shapeMode): false,
2158 silly tar     Symbol(kCapture): false,
2158 silly tar     Symbol(flowing): false,
2158 silly tar     Symbol(paused): true,
2158 silly tar     Symbol(pipes): [],
2158 silly tar     Symbol(buffer): [
2158 silly tar       <Buffer 69 6d 70 6f 72 74 20 7b 20 70 61 72 73 65 4d 69 6c 6c 69 73 2c 20 69 73 55 6e 64 65 66 69 6e 65 64 2c 20 75 6e 74 72 75 6e 63 61 74 65 59 65 61 72 2c ... 12951 more bytes>
2158 silly tar     ],
2158 silly tar     Symbol(objectMode): false,
2158 silly tar     Symbol(encoding): null,
2158 silly tar     Symbol(async): false,
2158 silly tar     Symbol(decoder): null,
2158 silly tar     Symbol(EOF): true,
2158 silly tar     Symbol(emittedEnd): false,
2158 silly tar     Symbol(emittingEnd): false,
2158 silly tar     Symbol(closed): false,
2158 silly tar     Symbol(emittedError): null,
2158 silly tar     Symbol(bufferLength): 13001,
2158 silly tar     Symbol(destroyed): false,
2158 silly tar     Symbol(signal): undefined,
2158 silly tar     Symbol(aborted): false,
2158 silly tar     Symbol(dataListeners): 0,
2158 silly tar     Symbol(discarded): false
2158 silly tar   },
2158 silly tar   cwd: 'C:/Users/vedan/Downloads/AVRGREEN-Nursery-Management-System-main/AVRGREEN-Nursery-Management-System-main/backend/node_modules/luxon',
2158 silly tar   tarCode: 'TAR_ENTRY_ERROR'
2158 silly tar }
2159 warn tar TAR_ENTRY_ERROR ENOENT: no such file or directory, lstat 'C:\Users\vedan\Downloads\AVRGREEN-Nursery-Management-System-main\AVRGREEN-Nursery-Management-System-main\backend\node_modules\luxon\src'
2160 silly tar TAR_ENTRY_ERROR ENOENT: no such file or directory, lstat 'C:\Users\vedan\Downloads\AVRGREEN-Nursery-Management-System-main\AVRGREEN-Nursery-Management-System-main\backend\node_modules\luxon\src' [Error: ENOENT: no such file or directory, lstat 'C:\Users\vedan\Downloads\AVRGREEN-Nursery-Management-System-main\AVRGREEN-Nursery-Management-System-main\backend\node_modules\luxon\src'] {
2160 silly tar   errno: -4058,
2160 silly tar   code: 'ENOENT',
2160 silly tar   syscall: 'lstat',
2160 silly tar   path: 'C:/Users/vedan/Downloads/AVRGREEN-Nursery-Management-System-main/AVRGREEN-Nursery-Management-System-main/backend/node_modules/luxon/src',
2160 silly tar   entry: ReadEntry {
2160 silly tar     _events: [Object: null prototype] { end: [Function (anonymous)] },
2160 silly tar     _eventsCount: 1,
2160 silly tar     _maxListeners: undefined,
2160 silly tar     writable: false,
2160 silly tar     readable: true,
2160 silly tar     extended: undefined,
2160 silly tar     globalExtended: undefined,
2160 silly tar     header: Header {
2160 silly tar       cksumValid: true,
2160 silly tar       needPax: false,
2160 silly tar       nullBlock: false,
2160 silly tar       block: undefined,
2160 silly tar       path: 'package/src/impl/util.js',
2160 silly tar       mode: 420,
2160 silly tar       uid: undefined,
2160 silly tar       gid: undefined,
2160 silly tar       size: 8972,
2160 silly tar       cksum: 5333,
2160 silly tar       linkpath: '',
2160 silly tar       uname: '',
2160 silly tar       gname: '',
2160 silly tar       devmaj: 0,
2160 silly tar       devmin: 0,
2160 silly tar       atime: undefined,
2160 silly tar       ctime: undefined,
2160 silly tar       mtime: 1985-10-26T08:15:00.000Z,
2160 silly tar       charset: undefined,
2160 silly tar       comment: undefined
2160 silly tar     },
2160 silly tar     startBlockSize: 9216,
2160 silly tar     blockRemain: 0,
2160 silly tar     remain: 0,
2160 silly tar     type: 'File',
2160 silly tar     meta: false,
2160 silly tar     ignore: false,
2160 silly tar     path: 'src/impl/util.js',
2160 silly tar     mode: 438,
2160 silly tar     uid: undefined,
2160 silly tar     gid: undefined,
2160 silly tar     uname: '',
2160 silly tar     gname: '',
2160 silly tar     size: 8972,
2160 silly tar     mtime: 1985-10-26T08:15:00.000Z,
2160 silly tar     atime: undefined,
2160 silly tar     ctime: undefined,
2160 silly tar     linkpath: undefined,
2160 silly tar     dev: undefined,
2160 silly tar     ino: undefined,
2160 silly tar     nlink: undefined,
2160 silly tar     invalid: false,
2160 silly tar     absolute: 'C:/Users/vedan/Downloads/AVRGREEN-Nursery-Management-System-main/AVRGREEN-Nursery-Management-System-main/backend/node_modules/luxon/src/impl/util.js',
2160 silly tar     unsupported: false,
2160 silly tar     Symbol(shapeMode): false,
2160 silly tar     Symbol(kCapture): false,
2160 silly tar     Symbol(flowing): false,
2160 silly tar     Symbol(paused): true,
2160 silly tar     Symbol(pipes): [],
2160 silly tar     Symbol(buffer): [
2160 silly tar       <Buffer 2f 2a 0a 20 20 54 68 69 73 20 69 73 20 6a 75 73 74 20 61 20 6a 75 6e 6b 20 64 72 61 77 65 72 2c 20 63 6f 6e 74 61 69 6e 69 6e 67 20 61 6e 79 74 68 69 ... 8922 more bytes>
2160 silly tar     ],
2160 silly tar     Symbol(objectMode): false,
2160 silly tar     Symbol(encoding): null,
2160 silly tar     Symbol(async): false,
2160 silly tar     Symbol(decoder): null,
2160 silly tar     Symbol(EOF): true,
2160 silly tar     Symbol(emittedEnd): false,
2160 silly tar     Symbol(emittingEnd): false,
2160 silly tar     Symbol(closed): false,
2160 silly tar     Symbol(emittedError): null,
2160 silly tar     Symbol(bufferLength): 8972,
2160 silly tar     Symbol(destroyed): false,
2160 silly tar     Symbol(signal): undefined,
2160 silly tar     Symbol(aborted): false,
2160 silly tar     Symbol(dataListeners): 0,
2160 silly tar     Symbol(discarded): false
2160 silly tar   },
2160 silly tar   cwd: 'C:/Users/vedan/Downloads/AVRGREEN-Nursery-Management-System-main/AVRGREEN-Nursery-Management-System-main/backend/node_modules/luxon',
2160 silly tar   tarCode: 'TAR_ENTRY_ERROR'
2160 silly tar }
2161 warn tar TAR_ENTRY_ERROR ENOENT: no such file or directory, lstat 'C:\Users\vedan\Downloads\AVRGREEN-Nursery-Management-System-main\AVRGREEN-Nursery-Management-System-main\backend\node_modules\luxon\src'
2162 silly tar TAR_ENTRY_ERROR ENOENT: no such file or directory, lstat 'C:\Users\vedan\Downloads\AVRGREEN-Nursery-Management-System-main\AVRGREEN-Nursery-Management-System-main\backend\node_modules\luxon\src' [Error: ENOENT: no such file or directory, lstat 'C:\Users\vedan\Downloads\AVRGREEN-Nursery-Management-System-main\AVRGREEN-Nursery-Management-System-main\backend\node_modules\luxon\src'] {
2162 silly tar   errno: -4058,
2162 silly tar   code: 'ENOENT',
2162 silly tar   syscall: 'lstat',
2162 silly tar   path: 'C:/Users/vedan/Downloads/AVRGREEN-Nursery-Management-System-main/AVRGREEN-Nursery-Management-System-main/backend/node_modules/luxon/src',
2162 silly tar   entry: ReadEntry {
2162 silly tar     _events: [Object: null prototype] { end: [Function (anonymous)] },
2162 silly tar     _eventsCount: 1,
2162 silly tar     _maxListeners: undefined,
2162 silly tar     writable: false,
2162 silly tar     readable: true,
2162 silly tar     extended: undefined,
2162 silly tar     globalExtended: undefined,
2162 silly tar     header: Header {
2162 silly tar       cksumValid: true,
2162 silly tar       needPax: false,
2162 silly tar       nullBlock: false,
2162 silly tar       block: undefined,
2162 silly tar       path: 'package/src/zone.js',
2162 silly tar       mode: 420,
2162 silly tar       uid: undefined,
2162 silly tar       gid: undefined,
2162 silly tar       size: 2270,
2162 silly tar       cksum: 4854,
2162 silly tar       linkpath: '',
2162 silly tar       uname: '',
2162 silly tar       gname: '',
2162 silly tar       devmaj: 0,
2162 silly tar       devmin: 0,
2162 silly tar       atime: undefined,
2162 silly tar       ctime: undefined,
2162 silly tar       mtime: 1985-10-26T08:15:00.000Z,
2162 silly tar       charset: undefined,
2162 silly tar       comment: undefined
2162 silly tar     },
2162 silly tar     startBlockSize: 2560,
2162 silly tar     blockRemain: 0,
2162 silly tar     remain: 0,
2162 silly tar     type: 'File',
2162 silly tar     meta: false,
2162 silly tar     ignore: false,
2162 silly tar     path: 'src/zone.js',
2162 silly tar     mode: 438,
2162 silly tar     uid: undefined,
2162 silly tar     gid: undefined,
2162 silly tar     uname: '',
2162 silly tar     gname: '',
2162 silly tar     size: 2270,
2162 silly tar     mtime: 1985-10-26T08:15:00.000Z,
2162 silly tar     atime: undefined,
2162 silly tar     ctime: undefined,
2162 silly tar     linkpath: undefined,
2162 silly tar     dev: undefined,
2162 silly tar     ino: undefined,
2162 silly tar     nlink: undefined,
2162 silly tar     invalid: false,
2162 silly tar     absolute: 'C:/Users/vedan/Downloads/AVRGREEN-Nursery-Management-System-main/AVRGREEN-Nursery-Management-System-main/backend/node_modules/luxon/src/zone.js',
2162 silly tar     unsupported: false,
2162 silly tar     Symbol(shapeMode): false,
2162 silly tar     Symbol(kCapture): false,
2162 silly tar     Symbol(flowing): false,
2162 silly tar     Symbol(paused): true,
2162 silly tar     Symbol(pipes): [],
2162 silly tar     Symbol(buffer): [
2162 silly tar       <Buffer 69 6d 70 6f 72 74 20 7b 20 5a 6f 6e 65 49 73 41 62 73 74 72 61 63 74 45 72 72 6f 72 20 7d 20 66 72 6f 6d 20 22 2e 2f 65 72 72 6f 72 73 2e 6a 73 22 3b ... 2220 more bytes>
2162 silly tar     ],
2162 silly tar     Symbol(objectMode): false,
2162 silly tar     Symbol(encoding): null,
2162 silly tar     Symbol(async): false,
2162 silly tar     Symbol(decoder): null,
2162 silly tar     Symbol(EOF): true,
2162 silly tar     Symbol(emittedEnd): false,
2162 silly tar     Symbol(emittingEnd): false,
2162 silly tar     Symbol(closed): false,
2162 silly tar     Symbol(emittedError): null,
2162 silly tar     Symbol(bufferLength): 2270,
2162 silly tar     Symbol(destroyed): false,
2162 silly tar     Symbol(signal): undefined,
2162 silly tar     Symbol(aborted): false,
2162 silly tar     Symbol(dataListeners): 0,
2162 silly tar     Symbol(discarded): false
2162 silly tar   },
2162 silly tar   cwd: 'C:/Users/vedan/Downloads/AVRGREEN-Nursery-Management-System-main/AVRGREEN-Nursery-Management-System-main/backend/node_modules/luxon',
2162 silly tar   tarCode: 'TAR_ENTRY_ERROR'
2162 silly tar }
2163 warn tar TAR_ENTRY_ERROR ENOENT: no such file or directory, lstat 'C:\Users\vedan\Downloads\AVRGREEN-Nursery-Management-System-main\AVRGREEN-Nursery-Management-System-main\backend\node_modules\luxon\src'
2164 silly tar TAR_ENTRY_ERROR ENOENT: no such file or directory, lstat 'C:\Users\vedan\Downloads\AVRGREEN-Nursery-Management-System-main\AVRGREEN-Nursery-Management-System-main\backend\node_modules\luxon\src' [Error: ENOENT: no such file or directory, lstat 'C:\Users\vedan\Downloads\AVRGREEN-Nursery-Management-System-main\AVRGREEN-Nursery-Management-System-main\backend\node_modules\luxon\src'] {
2164 silly tar   errno: -4058,
2164 silly tar   code: 'ENOENT',
2164 silly tar   syscall: 'lstat',
2164 silly tar   path: 'C:/Users/vedan/Downloads/AVRGREEN-Nursery-Management-System-main/AVRGREEN-Nursery-Management-System-main/backend/node_modules/luxon/src',
2164 silly tar   entry: ReadEntry {
2164 silly tar     _events: [Object: null prototype] { end: [Function (anonymous)] },
2164 silly tar     _eventsCount: 1,
2164 silly tar     _maxListeners: undefined,
2164 silly tar     writable: false,
2164 silly tar     readable: true,
2164 silly tar     extended: undefined,
2164 silly tar     globalExtended: undefined,
2164 silly tar     header: Header {
2164 silly tar       cksumValid: true,
2164 silly tar       needPax: false,
2164 silly tar       nullBlock: false,
2164 silly tar       block: undefined,
2164 silly tar       path: 'package/src/impl/zoneUtil.js',
2164 silly tar       mode: 420,
2164 silly tar       uid: undefined,
2164 silly tar       gid: undefined,
2164 silly tar       size: 1253,
2164 silly tar       cksum: 5747,
2164 silly tar       linkpath: '',
2164 silly tar       uname: '',
2164 silly tar       gname: '',
2164 silly tar       devmaj: 0,
2164 silly tar       devmin: 0,
2164 silly tar       atime: undefined,
2164 silly tar       ctime: undefined,
2164 silly tar       mtime: 1985-10-26T08:15:00.000Z,
2164 silly tar       charset: undefined,
2164 silly tar       comment: undefined
2164 silly tar     },
2164 silly tar     startBlockSize: 1536,
2164 silly tar     blockRemain: 0,
2164 silly tar     remain: 0,
2164 silly tar     type: 'File',
2164 silly tar     meta: false,
2164 silly tar     ignore: false,
2164 silly tar     path: 'src/impl/zoneUtil.js',
2164 silly tar     mode: 438,
2164 silly tar     uid: undefined,
2164 silly tar     gid: undefined,
2164 silly tar     uname: '',
2164 silly tar     gname: '',
2164 silly tar     size: 1253,
2164 silly tar     mtime: 1985-10-26T08:15:00.000Z,
2164 silly tar     atime: undefined,
2164 silly tar     ctime: undefined,
2164 silly tar     linkpath: undefined,
2164 silly tar     dev: undefined,
2164 silly tar     ino: undefined,
2164 silly tar     nlink: undefined,
2164 silly tar     invalid: false,
2164 silly tar     absolute: 'C:/Users/vedan/Downloads/AVRGREEN-Nursery-Management-System-main/AVRGREEN-Nursery-Management-System-main/backend/node_modules/luxon/src/impl/zoneUtil.js',
2164 silly tar     unsupported: false,
2164 silly tar     Symbol(shapeMode): false,
2164 silly tar     Symbol(kCapture): false,
2164 silly tar     Symbol(flowing): false,
2164 silly tar     Symbol(paused): true,
2164 silly tar     Symbol(pipes): [],
2164 silly tar     Symbol(buffer): [
2164 silly tar       <Buffer 2f 2a 2a 0a 20 2a 20 40 70 72 69 76 61 74 65 0a 20 2a 2f 0a 0a 69 6d 70 6f 72 74 20 5a 6f 6e 65 20 66 72 6f 6d 20 22 2e 2e 2f 7a 6f 6e 65 2e 6a 73 22 ... 1203 more bytes>
2164 silly tar     ],
2164 silly tar     Symbol(objectMode): false,
2164 silly tar     Symbol(encoding): null,
2164 silly tar     Symbol(async): false,
2164 silly tar     Symbol(decoder): null,
2164 silly tar     Symbol(EOF): true,
2164 silly tar     Symbol(emittedEnd): false,
2164 silly tar     Symbol(emittingEnd): false,
2164 silly tar     Symbol(closed): false,
2164 silly tar     Symbol(emittedError): null,
2164 silly tar     Symbol(bufferLength): 1253,
2164 silly tar     Symbol(destroyed): false,
2164 silly tar     Symbol(signal): undefined,
2164 silly tar     Symbol(aborted): false,
2164 silly tar     Symbol(dataListeners): 0,
2164 silly tar     Symbol(discarded): false
2164 silly tar   },
2164 silly tar   cwd: 'C:/Users/vedan/Downloads/AVRGREEN-Nursery-Management-System-main/AVRGREEN-Nursery-Management-System-main/backend/node_modules/luxon',
2164 silly tar   tarCode: 'TAR_ENTRY_ERROR'
2164 silly tar }
2165 warn tar TAR_ENTRY_ERROR ENOENT: no such file or directory, open 'C:\Users\vedan\Downloads\AVRGREEN-Nursery-Management-System-main\AVRGREEN-Nursery-Management-System-main\backend\node_modules\luxon\package.json'
2166 silly tar TAR_ENTRY_ERROR ENOENT: no such file or directory, open 'C:\Users\vedan\Downloads\AVRGREEN-Nursery-Management-System-main\AVRGREEN-Nursery-Management-System-main\backend\node_modules\luxon\package.json' [Error: ENOENT: no such file or directory, open 'C:\Users\vedan\Downloads\AVRGREEN-Nursery-Management-System-main\AVRGREEN-Nursery-Management-System-main\backend\node_modules\luxon\package.json'] {
2166 silly tar   errno: -4058,
2166 silly tar   code: 'ENOENT',
2166 silly tar   syscall: 'open',
2166 silly tar   path: 'C:\\Users\\vedan\\Downloads\\AVRGREEN-Nursery-Management-System-main\\AVRGREEN-Nursery-Management-System-main\\backend\\node_modules\\luxon\\package.json',
2166 silly tar   entry: ReadEntry {
2166 silly tar     _events: [Object: null prototype] { end: [Function (anonymous)] },
2166 silly tar     _eventsCount: 1,
2166 silly tar     _maxListeners: undefined,
2166 silly tar     writable: false,
2166 silly tar     readable: true,
2166 silly tar     extended: undefined,
2166 silly tar     globalExtended: undefined,
2166 silly tar     header: Header {
2166 silly tar       cksumValid: true,
2166 silly tar       needPax: false,
2166 silly tar       nullBlock: false,
2166 silly tar       block: undefined,
2166 silly tar       path: 'package/package.json',
2166 silly tar       mode: 420,
2166 silly tar       uid: undefined,
2166 silly tar       gid: undefined,
2166 silly tar       size: 2872,
2166 silly tar       cksum: 4972,
2166 silly tar       linkpath: '',
2166 silly tar       uname: '',
2166 silly tar       gname: '',
2166 silly tar       devmaj: 0,
2166 silly tar       devmin: 0,
2166 silly tar       atime: undefined,
2166 silly tar       ctime: undefined,
2166 silly tar       mtime: 1985-10-26T08:15:00.000Z,
2166 silly tar       charset: undefined,
2166 silly tar       comment: undefined
2166 silly tar     },
2166 silly tar     startBlockSize: 3072,
2166 silly tar     blockRemain: 0,
2166 silly tar     remain: 0,
2166 silly tar     type: 'File',
2166 silly tar     meta: false,
2166 silly tar     ignore: false,
2166 silly tar     path: 'package.json',
2166 silly tar     mode: 438,
2166 silly tar     uid: undefined,
2166 silly tar     gid: undefined,
2166 silly tar     uname: '',
2166 silly tar     gname: '',
2166 silly tar     size: 2872,
2166 silly tar     mtime: 1985-10-26T08:15:00.000Z,
2166 silly tar     atime: undefined,
2166 silly tar     ctime: undefined,
2166 silly tar     linkpath: undefined,
2166 silly tar     dev: undefined,
2166 silly tar     ino: undefined,
2166 silly tar     nlink: undefined,
2166 silly tar     invalid: false,
2166 silly tar     absolute: 'C:/Users/vedan/Downloads/AVRGREEN-Nursery-Management-System-main/AVRGREEN-Nursery-Management-System-main/backend/node_modules/luxon/package.json',
2166 silly tar     unsupported: false,
2166 silly tar     Symbol(shapeMode): false,
2166 silly tar     Symbol(kCapture): false,
2166 silly tar     Symbol(flowing): false,
2166 silly tar     Symbol(paused): true,
2166 silly tar     Symbol(pipes): [ [Pipe] ],
2166 silly tar     Symbol(buffer): [
2166 silly tar       <Buffer 20 22 40 62 61 62 65 6c 2f 70 6c 75 67 69 6e 2d 65 78 74 65 72 6e 61 6c 2d 68 65 6c 70 65 72 73 22 3a 20 22 5e 37 2e 31 38 2e 36 22 2c 0a 20 20 20 20 ... 1199 more bytes>
2166 silly tar     ],
2166 silly tar     Symbol(objectMode): false,
2166 silly tar     Symbol(encoding): null,
2166 silly tar     Symbol(async): false,
2166 silly tar     Symbol(decoder): null,
2166 silly tar     Symbol(EOF): true,
2166 silly tar     Symbol(emittedEnd): false,
2166 silly tar     Symbol(emittingEnd): false,
2166 silly tar     Symbol(closed): false,
2166 silly tar     Symbol(emittedError): null,
2166 silly tar     Symbol(bufferLength): 1249,
2166 silly tar     Symbol(destroyed): false,
2166 silly tar     Symbol(signal): undefined,
2166 silly tar     Symbol(aborted): false,
2166 silly tar     Symbol(dataListeners): 0,
2166 silly tar     Symbol(discarded): false
2166 silly tar   },
2166 silly tar   cwd: 'C:/Users/vedan/Downloads/AVRGREEN-Nursery-Management-System-main/AVRGREEN-Nursery-Management-System-main/backend/node_modules/luxon',
2166 silly tar   tarCode: 'TAR_ENTRY_ERROR'
2166 silly tar }
2167 warn tar TAR_ENTRY_ERROR ENOENT: no such file or directory, lstat 'C:\Users\vedan\Downloads\AVRGREEN-Nursery-Management-System-main\AVRGREEN-Nursery-Management-System-main\backend\node_modules\luxon\src'
2168 silly tar TAR_ENTRY_ERROR ENOENT: no such file or directory, lstat 'C:\Users\vedan\Downloads\AVRGREEN-Nursery-Management-System-main\AVRGREEN-Nursery-Management-System-main\backend\node_modules\luxon\src' [Error: ENOENT: no such file or directory, lstat 'C:\Users\vedan\Downloads\AVRGREEN-Nursery-Management-System-main\AVRGREEN-Nursery-Management-System-main\backend\node_modules\luxon\src'] {
2168 silly tar   errno: -4058,
2168 silly tar   code: 'ENOENT',
2168 silly tar   syscall: 'lstat',
2168 silly tar   path: 'C:/Users/vedan/Downloads/AVRGREEN-Nursery-Management-System-main/AVRGREEN-Nursery-Management-System-main/backend/node_modules/luxon/src',
2168 silly tar   entry: ReadEntry {
2168 silly tar     _events: [Object: null prototype] { end: [Function (anonymous)] },
2168 silly tar     _eventsCount: 1,
2168 silly tar     _maxListeners: undefined,
2168 silly tar     writable: false,
2168 silly tar     readable: true,
2168 silly tar     extended: undefined,
2168 silly tar     globalExtended: undefined,
2168 silly tar     header: Header {
2168 silly tar       cksumValid: true,
2168 silly tar       needPax: false,
2168 silly tar       nullBlock: false,
2168 silly tar       block: undefined,
2168 silly tar       path: 'package/src/package.json',
2168 silly tar       mode: 420,
2168 silly tar       uid: undefined,
2168 silly tar       gid: undefined,
2168 silly tar       size: 45,
2168 silly tar       cksum: 5341,
2168 silly tar       linkpath: '',
2168 silly tar       uname: '',
2168 silly tar       gname: '',
2168 silly tar       devmaj: 0,
2168 silly tar       devmin: 0,
2168 silly tar       atime: undefined,
2168 silly tar       ctime: undefined,
2168 silly tar       mtime: 1985-10-26T08:15:00.000Z,
2168 silly tar       charset: undefined,
2168 silly tar       comment: undefined
2168 silly tar     },
2168 silly tar     startBlockSize: 512,
2168 silly tar     blockRemain: 0,
2168 silly tar     remain: 0,
2168 silly tar     type: 'File',
2168 silly tar     meta: false,
2168 silly tar     ignore: false,
2168 silly tar     path: 'src/package.json',
2168 silly tar     mode: 438,
2168 silly tar     uid: undefined,
2168 silly tar     gid: undefined,
2168 silly tar     uname: '',
2168 silly tar     gname: '',
2168 silly tar     size: 45,
2168 silly tar     mtime: 1985-10-26T08:15:00.000Z,
2168 silly tar     atime: undefined,
2168 silly tar     ctime: undefined,
2168 silly tar     linkpath: undefined,
2168 silly tar     dev: undefined,
2168 silly tar     ino: undefined,
2168 silly tar     nlink: undefined,
2168 silly tar     invalid: false,
2168 silly tar     absolute: 'C:/Users/vedan/Downloads/AVRGREEN-Nursery-Management-System-main/AVRGREEN-Nursery-Management-System-main/backend/node_modules/luxon/src/package.json',
2168 silly tar     unsupported: false,
2168 silly tar     Symbol(shapeMode): false,
2168 silly tar     Symbol(kCapture): false,
2168 silly tar     Symbol(flowing): false,
2168 silly tar     Symbol(paused): true,
2168 silly tar     Symbol(pipes): [],
2168 silly tar     Symbol(buffer): [
2168 silly tar       <Buffer 7b 0a 20 20 22 74 79 70 65 22 3a 20 22 6d 6f 64 75 6c 65 22 2c 0a 20 20 22 76 65 72 73 69 6f 6e 22 3a 20 22 33 2e 37 2e 32 22 0a 7d 0a>
2168 silly tar     ],
2168 silly tar     Symbol(objectMode): false,
2168 silly tar     Symbol(encoding): null,
2168 silly tar     Symbol(async): false,
2168 silly tar     Symbol(decoder): null,
2168 silly tar     Symbol(EOF): true,
2168 silly tar     Symbol(emittedEnd): false,
2168 silly tar     Symbol(emittingEnd): false,
2168 silly tar     Symbol(closed): false,
2168 silly tar     Symbol(emittedError): null,
2168 silly tar     Symbol(bufferLength): 45,
2168 silly tar     Symbol(destroyed): false,
2168 silly tar     Symbol(signal): undefined,
2168 silly tar     Symbol(aborted): false,
2168 silly tar     Symbol(dataListeners): 0,
2168 silly tar     Symbol(discarded): false
2168 silly tar   },
2168 silly tar   cwd: 'C:/Users/vedan/Downloads/AVRGREEN-Nursery-Management-System-main/AVRGREEN-Nursery-Management-System-main/backend/node_modules/luxon',
2168 silly tar   tarCode: 'TAR_ENTRY_ERROR'
2168 silly tar }
2169 warn tar TAR_ENTRY_ERROR ENOENT: no such file or directory, lstat 'C:\Users\vedan\Downloads\AVRGREEN-Nursery-Management-System-main\AVRGREEN-Nursery-Management-System-main\backend\node_modules\luxon\build'
2170 silly tar TAR_ENTRY_ERROR ENOENT: no such file or directory, lstat 'C:\Users\vedan\Downloads\AVRGREEN-Nursery-Management-System-main\AVRGREEN-Nursery-Management-System-main\backend\node_modules\luxon\build' [Error: ENOENT: no such file or directory, lstat 'C:\Users\vedan\Downloads\AVRGREEN-Nursery-Management-System-main\AVRGREEN-Nursery-Management-System-main\backend\node_modules\luxon\build'] {
2170 silly tar   errno: -4058,
2170 silly tar   code: 'ENOENT',
2170 silly tar   syscall: 'lstat',
2170 silly tar   path: 'C:/Users/vedan/Downloads/AVRGREEN-Nursery-Management-System-main/AVRGREEN-Nursery-Management-System-main/backend/node_modules/luxon/build',
2170 silly tar   entry: ReadEntry {
2170 silly tar     _events: [Object: null prototype] {
2170 silly tar       end: [Function (anonymous)],
2170 silly tar       drain: [Function]
2170 silly tar     },
2170 silly tar     _eventsCount: 2,
2170 silly tar     _maxListeners: undefined,
2170 silly tar     writable: true,
2170 silly tar     readable: true,
2170 silly tar     extended: undefined,
2170 silly tar     globalExtended: undefined,
2170 silly tar     header: Header {
2170 silly tar       cksumValid: true,
2170 silly tar       needPax: false,
2170 silly tar       nullBlock: false,
2170 silly tar       block: undefined,
2170 silly tar       path: 'package/build/amd/luxon.js.map',
2170 silly tar       mode: 420,
2170 silly tar       uid: undefined,
2170 silly tar       gid: undefined,
2170 silly tar       size: 547661,
2170 silly tar       cksum: 5900,
2170 silly tar       linkpath: '',
2170 silly tar       uname: '',
2170 silly tar       gname: '',
2170 silly tar       devmaj: 0,
2170 silly tar       devmin: 0,
2170 silly tar       atime: undefined,
2170 silly tar       ctime: undefined,
2170 silly tar       mtime: 1985-10-26T08:15:00.000Z,
2170 silly tar       charset: undefined,
2170 silly tar       comment: undefined
2170 silly tar     },
2170 silly tar     startBlockSize: 547840,
2170 silly tar     blockRemain: 527812,
2170 silly tar     remain: 527633,
2170 silly tar     type: 'File',
2170 silly tar     meta: false,
2170 silly tar     ignore: false,
2170 silly tar     path: 'build/amd/luxon.js.map',
2170 silly tar     mode: 438,
2170 silly tar     uid: undefined,
2170 silly tar     gid: undefined,
2170 silly tar     uname: '',
2170 silly tar     gname: '',
2170 silly tar     size: 547661,
2170 silly tar     mtime: 1985-10-26T08:15:00.000Z,
2170 silly tar     atime: undefined,
2170 silly tar     ctime: undefined,
2170 silly tar     linkpath: undefined,
2170 silly tar     dev: undefined,
2170 silly tar     ino: undefined,
2170 silly tar     nlink: undefined,
2170 silly tar     invalid: false,
2170 silly tar     absolute: 'C:/Users/vedan/Downloads/AVRGREEN-Nursery-Management-System-main/AVRGREEN-Nursery-Management-System-main/backend/node_modules/luxon/build/amd/luxon.js.map',
2170 silly tar     unsupported: false,
2170 silly tar     Symbol(shapeMode): false,
2170 silly tar     Symbol(kCapture): false,
2170 silly tar     Symbol(flowing): false,
2170 silly tar     Symbol(paused): true,
2170 silly tar     Symbol(pipes): [],
2170 silly tar     Symbol(buffer): [
2170 silly tar       <Buffer 7b 22 76 65 72 73 69 6f 6e 22 3a 33 2c 22 66 69 6c 65 22 3a 22 6c 75 78 6f 6e 2e 6a 73 22 2c 22 73 6f 75 72 63 65 73 22 3a 5b 22 2e 2e 2f 2e 2e 2f 73 ... 13349 more bytes>,
2170 silly tar       <Buffer 20 31 3b 5c 6e 20 20 20 20 7d 5c 6e 5c 6e 20 20 20 20 2f 2f 20 62 65 63 61 75 73 65 20 77 65 27 72 65 20 75 73 69 6e 67 20 68 6f 75 72 31 32 20 61 6e ... 6579 more bytes>
2170 silly tar     ],
2170 silly tar     Symbol(objectMode): false,
2170 silly tar     Symbol(encoding): null,
2170 silly tar     Symbol(async): false,
2170 silly tar     Symbol(decoder): null,
2170 silly tar     Symbol(EOF): false,
2170 silly tar     Symbol(emittedEnd): false,
2170 silly tar     Symbol(emittingEnd): false,
2170 silly tar     Symbol(closed): false,
2170 silly tar     Symbol(emittedError): null,
2170 silly tar     Symbol(bufferLength): 20028,
2170 silly tar     Symbol(destroyed): false,
2170 silly tar     Symbol(signal): undefined,
2170 silly tar     Symbol(aborted): false,
2170 silly tar     Symbol(dataListeners): 0,
2170 silly tar     Symbol(discarded): false
2170 silly tar   },
2170 silly tar   cwd: 'C:/Users/vedan/Downloads/AVRGREEN-Nursery-Management-System-main/AVRGREEN-Nursery-Management-System-main/backend/node_modules/luxon',
2170 silly tar   tarCode: 'TAR_ENTRY_ERROR'
2170 silly tar }
2171 http fetch GET 200 https://registry.npmjs.org/socket.io/-/socket.io-4.8.3.tgz 86941ms (cache miss)
2172 warn tar TAR_ENTRY_ERROR ENOENT: no such file or directory, lstat 'C:\Users\vedan\Downloads\AVRGREEN-Nursery-Management-System-main\AVRGREEN-Nursery-Management-System-main\backend\node_modules\luxon\build'
2173 silly tar TAR_ENTRY_ERROR ENOENT: no such file or directory, lstat 'C:\Users\vedan\Downloads\AVRGREEN-Nursery-Management-System-main\AVRGREEN-Nursery-Management-System-main\backend\node_modules\luxon\build' [Error: ENOENT: no such file or directory, lstat 'C:\Users\vedan\Downloads\AVRGREEN-Nursery-Management-System-main\AVRGREEN-Nursery-Management-System-main\backend\node_modules\luxon\build'] {
2173 silly tar   errno: -4058,
2173 silly tar   code: 'ENOENT',
2173 silly tar   syscall: 'lstat',
2173 silly tar   path: 'C:/Users/vedan/Downloads/AVRGREEN-Nursery-Management-System-main/AVRGREEN-Nursery-Management-System-main/backend/node_modules/luxon/build',
2173 silly tar   entry: ReadEntry {
2173 silly tar     _events: [Object: null prototype] {
2173 silly tar       end: [Function (anonymous)],
2173 silly tar       drain: [Function]
2173 silly tar     },
2173 silly tar     _eventsCount: 2,
2173 silly tar     _maxListeners: undefined,
2173 silly tar     writable: true,
2173 silly tar     readable: true,
2173 silly tar     extended: undefined,
2173 silly tar     globalExtended: undefined,
2173 silly tar     header: Header {
2173 silly tar       cksumValid: true,
2173 silly tar       needPax: false,
2173 silly tar       nullBlock: false,
2173 silly tar       block: undefined,
2173 silly tar       path: 'package/build/cjs-browser/luxon.js.map',
2173 silly tar       mode: 420,
2173 silly tar       uid: undefined,
2173 silly tar       gid: undefined,
2173 silly tar       size: 547657,
2173 silly tar       cksum: 6727,
2173 silly tar       linkpath: '',
2173 silly tar       uname: '',
2173 silly tar       gname: '',
2173 silly tar       devmaj: 0,
2173 silly tar       devmin: 0,
2173 silly tar       atime: undefined,
2173 silly tar       ctime: undefined,
2173 silly tar       mtime: 1985-10-26T08:15:00.000Z,
2173 silly tar       charset: undefined,
2173 silly tar       comment: undefined
2173 silly tar     },
2173 silly tar     startBlockSize: 547840,
2173 silly tar     blockRemain: 543109,
2173 silly tar     remain: 542926,
2173 silly tar     type: 'File',
2173 silly tar     meta: false,
2173 silly tar     ignore: false,
2173 silly tar     path: 'build/cjs-browser/luxon.js.map',
2173 silly tar     mode: 438,
2173 silly tar     uid: undefined,
2173 silly tar     gid: undefined,
2173 silly tar     uname: '',
2173 silly tar     gname: '',
2173 silly tar     size: 547657,
2173 silly tar     mtime: 1985-10-26T08:15:00.000Z,
2173 silly tar     atime: undefined,
2173 silly tar     ctime: undefined,
2173 silly tar     linkpath: undefined,
2173 silly tar     dev: undefined,
2173 silly tar     ino: undefined,
2173 silly tar     nlink: undefined,
2173 silly tar     invalid: false,
2173 silly tar     absolute: 'C:/Users/vedan/Downloads/AVRGREEN-Nursery-Management-System-main/AVRGREEN-Nursery-Management-System-main/backend/node_modules/luxon/build/cjs-browser/luxon.js.map',
2173 silly tar     unsupported: false,
2173 silly tar     Symbol(shapeMode): false,
2173 silly tar     Symbol(kCapture): false,
2173 silly tar     Symbol(flowing): false,
2173 silly tar     Symbol(paused): true,
2173 silly tar     Symbol(pipes): [],
2173 silly tar     Symbol(buffer): [
2173 silly tar       <Buffer 7b 22 76 65 72 73 69 6f 6e 22 3a 33 2c 22 66 69 6c 65 22 3a 22 6c 75 78 6f 6e 2e 6a 73 22 2c 22 73 6f 75 72 63 65 73 22 3a 5b 22 2e 2e 2f 2e 2e 2f 73 ... 4681 more bytes>
2173 silly tar     ],
2173 silly tar     Symbol(objectMode): false,
2173 silly tar     Symbol(encoding): null,
2173 silly tar     Symbol(async): false,
2173 silly tar     Symbol(decoder): null,
2173 silly tar     Symbol(EOF): false,
2173 silly tar     Symbol(emittedEnd): false,
2173 silly tar     Symbol(emittingEnd): false,
2173 silly tar     Symbol(closed): false,
2173 silly tar     Symbol(emittedError): null,
2173 silly tar     Symbol(bufferLength): 4731,
2173 silly tar     Symbol(destroyed): false,
2173 silly tar     Symbol(signal): undefined,
2173 silly tar     Symbol(aborted): false,
2173 silly tar     Symbol(dataListeners): 0,
2173 silly tar     Symbol(discarded): false
2173 silly tar   },
2173 silly tar   cwd: 'C:/Users/vedan/Downloads/AVRGREEN-Nursery-Management-System-main/AVRGREEN-Nursery-Management-System-main/backend/node_modules/luxon',
2173 silly tar   tarCode: 'TAR_ENTRY_ERROR'
2173 silly tar }
2174 warn tar TAR_ENTRY_ERROR ENOENT: no such file or directory, lstat 'C:\Users\vedan\Downloads\AVRGREEN-Nursery-Management-System-main\AVRGREEN-Nursery-Management-System-main\backend\node_modules\luxon\build'
2175 silly tar TAR_ENTRY_ERROR ENOENT: no such file or directory, lstat 'C:\Users\vedan\Downloads\AVRGREEN-Nursery-Management-System-main\AVRGREEN-Nursery-Management-System-main\backend\node_modules\luxon\build' [Error: ENOENT: no such file or directory, lstat 'C:\Users\vedan\Downloads\AVRGREEN-Nursery-Management-System-main\AVRGREEN-Nursery-Management-System-main\backend\node_modules\luxon\build'] {
2175 silly tar   errno: -4058,
2175 silly tar   code: 'ENOENT',
2175 silly tar   syscall: 'lstat',
2175 silly tar   path: 'C:/Users/vedan/Downloads/AVRGREEN-Nursery-Management-System-main/AVRGREEN-Nursery-Management-System-main/backend/node_modules/luxon/build',
2175 silly tar   entry: ReadEntry {
2175 silly tar     _events: [Object: null prototype] {
2175 silly tar       end: [Function (anonymous)],
2175 silly tar       drain: [Function]
2175 silly tar     },
2175 silly tar     _eventsCount: 2,
2175 silly tar     _maxListeners: undefined,
2175 silly tar     writable: true,
2175 silly tar     readable: true,
2175 silly tar     extended: undefined,
2175 silly tar     globalExtended: undefined,
2175 silly tar     header: Header {
2175 silly tar       cksumValid: true,
2175 silly tar       needPax: false,
2175 silly tar       nullBlock: false,
2175 silly tar       block: undefined,
2175 silly tar       path: 'package/build/global/luxon.js.map',
2175 silly tar       mode: 420,
2175 silly tar       uid: undefined,
2175 silly tar       gid: undefined,
2175 silly tar       size: 547664,
2175 silly tar       cksum: 6215,
2175 silly tar       linkpath: '',
2175 silly tar       uname: '',
2175 silly tar       gname: '',
2175 silly tar       devmaj: 0,
2175 silly tar       devmin: 0,
2175 silly tar       atime: undefined,
2175 silly tar       ctime: undefined,
2175 silly tar       mtime: 1985-10-26T08:15:00.000Z,
2175 silly tar       charset: undefined,
2175 silly tar       comment: undefined
2175 silly tar     },
2175 silly tar     startBlockSize: 547840,
2175 silly tar     blockRemain: 492835,
2175 silly tar     remain: 492659,
2175 silly tar     type: 'File',
2175 silly tar     meta: false,
2175 silly tar     ignore: false,
2175 silly tar     path: 'build/global/luxon.js.map',
2175 silly tar     mode: 438,
2175 silly tar     uid: undefined,
2175 silly tar     gid: undefined,
2175 silly tar     uname: '',
2175 silly tar     gname: '',
2175 silly tar     size: 547664,
2175 silly tar     mtime: 1985-10-26T08:15:00.000Z,
2175 silly tar     atime: undefined,
2175 silly tar     ctime: undefined,
2175 silly tar     linkpath: undefined,
2175 silly tar     dev: undefined,
2175 silly tar     ino: undefined,
2175 silly tar     nlink: undefined,
2175 silly tar     invalid: false,
2175 silly tar     absolute: 'C:/Users/vedan/Downloads/AVRGREEN-Nursery-Management-System-main/AVRGREEN-Nursery-Management-System-main/backend/node_modules/luxon/build/global/luxon.js.map',
2175 silly tar     unsupported: false,
2175 silly tar     Symbol(shapeMode): false,
2175 silly tar     Symbol(kCapture): false,
2175 silly tar     Symbol(flowing): false,
2175 silly tar     Symbol(paused): true,
2175 silly tar     Symbol(pipes): [],
2175 silly tar     Symbol(buffer): [
2175 silly tar       <Buffer 7b 22 76 65 72 73 69 6f 6e 22 3a 33 2c 22 66 69 6c 65 22 3a 22 6c 75 78 6f 6e 2e 6a 73 22 2c 22 73 6f 75 72 63 65 73 22 3a 5b 22 2e 2e 2f 2e 2e 2f 73 ... 12621 more bytes>,
2175 silly tar       <Buffer 2b 36 27 2c 20 27 2b 30 36 3a 30 30 27 2c 20 6f 72 20 27 2b 30 36 30 30 27 20 72 65 73 70 65 63 74 69 76 65 6c 79 5c 6e 20 20 20 2a 20 40 72 65 74 75 ... 16334 more bytes>,
2175 silly tar       <Buffer 79 20 74 77 6f 5c 6e 20 20 20 20 20 20 20 20 2f 2f 20 66 6f 72 20 41 4d 20 61 6e 64 20 50 4d 2e 20 54 68 69 73 20 69 73 20 70 72 6f 62 61 62 6c 79 20 ... 16334 more bytes>,
2175 silly tar       <Buffer 65 61 72 20 3d 20 63 75 74 6f 66 66 59 65 61 72 20 25 20 31 30 30 3b 5c 6e 20 20 7d 5c 6e 5c 6e 20 20 2f 2a 2a 5c 6e 20 20 20 2a 20 47 65 74 20 77 68 ... 9516 more bytes>
2175 silly tar     ],
2175 silly tar     Symbol(objectMode): false,
2175 silly tar     Symbol(encoding): null,
2175 silly tar     Symbol(async): false,
2175 silly tar     Symbol(decoder): null,
2175 silly tar     Symbol(EOF): false,
2175 silly tar     Symbol(emittedEnd): false,
2175 silly tar     Symbol(emittingEnd): false,
2175 silly tar     Symbol(closed): false,
2175 silly tar     Symbol(emittedError): null,
2175 silly tar     Symbol(bufferLength): 55005,
2175 silly tar     Symbol(destroyed): false,
2175 silly tar     Symbol(signal): undefined,
2175 silly tar     Symbol(aborted): false,
2175 silly tar     Symbol(dataListeners): 0,
2175 silly tar     Symbol(discarded): false
2175 silly tar   },
2175 silly tar   cwd: 'C:/Users/vedan/Downloads/AVRGREEN-Nursery-Management-System-main/AVRGREEN-Nursery-Management-System-main/backend/node_modules/luxon',
2175 silly tar   tarCode: 'TAR_ENTRY_ERROR'
2175 silly tar }
2176 warn tar TAR_ENTRY_ERROR ENOENT: no such file or directory, lstat 'C:\Users\vedan\Downloads\AVRGREEN-Nursery-Management-System-main\AVRGREEN-Nursery-Management-System-main\backend\node_modules\luxon\build'
2177 silly tar TAR_ENTRY_ERROR ENOENT: no such file or directory, lstat 'C:\Users\vedan\Downloads\AVRGREEN-Nursery-Management-System-main\AVRGREEN-Nursery-Management-System-main\backend\node_modules\luxon\build' [Error: ENOENT: no such file or directory, lstat 'C:\Users\vedan\Downloads\AVRGREEN-Nursery-Management-System-main\AVRGREEN-Nursery-Management-System-main\backend\node_modules\luxon\build'] {
2177 silly tar   errno: -4058,
2177 silly tar   code: 'ENOENT',
2177 silly tar   syscall: 'lstat',
2177 silly tar   path: 'C:/Users/vedan/Downloads/AVRGREEN-Nursery-Management-System-main/AVRGREEN-Nursery-Management-System-main/backend/node_modules/luxon/build',
2177 silly tar   entry: ReadEntry {
2177 silly tar     _events: [Object: null prototype] {
2177 silly tar       end: [Function (anonymous)],
2177 silly tar       drain: [Function]
2177 silly tar     },
2177 silly tar     _eventsCount: 2,
2177 silly tar     _maxListeners: undefined,
2177 silly tar     writable: true,
2177 silly tar     readable: true,
2177 silly tar     extended: undefined,
2177 silly tar     globalExtended: undefined,
2177 silly tar     header: Header {
2177 silly tar       cksumValid: true,
2177 silly tar       needPax: false,
2177 silly tar       nullBlock: false,
2177 silly tar       block: undefined,
2177 silly tar       path: 'package/build/node/luxon.js.map',
2177 silly tar       mode: 420,
2177 silly tar       uid: undefined,
2177 silly tar       gid: undefined,
2177 silly tar       size: 504551,
2177 silly tar       cksum: 6019,
2177 silly tar       linkpath: '',
2177 silly tar       uname: '',
2177 silly tar       gname: '',
2177 silly tar       devmaj: 0,
2177 silly tar       devmin: 0,
2177 silly tar       atime: undefined,
2177 silly tar       ctime: undefined,
2177 silly tar       mtime: 1985-10-26T08:15:00.000Z,
2177 silly tar       charset: undefined,
2177 silly tar       comment: undefined
2177 silly tar     },
2177 silly tar     startBlockSize: 504832,
2177 silly tar     blockRemain: 466311,
2177 silly tar     remain: 466030,
2177 silly tar     type: 'File',
2177 silly tar     meta: false,
2177 silly tar     ignore: false,
2177 silly tar     path: 'build/node/luxon.js.map',
2177 silly tar     mode: 438,
2177 silly tar     uid: undefined,
2177 silly tar     gid: undefined,
2177 silly tar     uname: '',
2177 silly tar     gname: '',
2177 silly tar     size: 504551,
2177 silly tar     mtime: 1985-10-26T08:15:00.000Z,
2177 silly tar     atime: undefined,
2177 silly tar     ctime: undefined,
2177 silly tar     linkpath: undefined,
2177 silly tar     dev: undefined,
2177 silly tar     ino: undefined,
2177 silly tar     nlink: undefined,
2177 silly tar     invalid: false,
2177 silly tar     absolute: 'C:/Users/vedan/Downloads/AVRGREEN-Nursery-Management-System-main/AVRGREEN-Nursery-Management-System-main/backend/node_modules/luxon/build/node/luxon.js.map',
2177 silly tar     unsupported: false,
2177 silly tar     Symbol(shapeMode): false,
2177 silly tar     Symbol(kCapture): false,
2177 silly tar     Symbol(flowing): false,
2177 silly tar     Symbol(paused): true,
2177 silly tar     Symbol(pipes): [],
2177 silly tar     Symbol(buffer): [
2177 silly tar       <Buffer 7b 22 76 65 72 73 69 6f 6e 22 3a 33 2c 22 66 69 6c 65 22 3a 22 6c 75 78 6f 6e 2e 6a 73 22 2c 22 73 6f 75 72 63 65 73 22 3a 5b 22 2e 2e 2f 2e 2e 2f 73 ... 9625 more bytes>,
2177 silly tar       <Buffer 6e 61 5a 6f 6e 65 43 61 63 68 65 2e 73 65 74 28 6e 61 6d 65 2c 20 28 7a 6f 6e 65 20 3d 20 6e 65 77 20 49 41 4e 41 5a 6f 6e 65 28 6e 61 6d 65 29 29 29 ... 16334 more bytes>,
2177 silly tar       <Buffer 68 65 20 3d 20 7b 7d 3b 5c 6e 5c 6e 20 20 20 20 74 68 69 73 2e 73 70 65 63 69 66 69 65 64 4c 6f 63 61 6c 65 20 3d 20 73 70 65 63 69 66 69 65 64 4c 6f ... 12412 more bytes>
2177 silly tar     ],
2177 silly tar     Symbol(objectMode): false,
2177 silly tar     Symbol(encoding): null,
2177 silly tar     Symbol(async): false,
2177 silly tar     Symbol(decoder): null,
2177 silly tar     Symbol(EOF): false,
2177 silly tar     Symbol(emittedEnd): false,
2177 silly tar     Symbol(emittingEnd): false,
2177 silly tar     Symbol(closed): false,
2177 silly tar     Symbol(emittedError): null,
2177 silly tar     Symbol(bufferLength): 38521,
2177 silly tar     Symbol(destroyed): false,
2177 silly tar     Symbol(signal): undefined,
2177 silly tar     Symbol(aborted): false,
2177 silly tar     Symbol(dataListeners): 0,
2177 silly tar     Symbol(discarded): false
2177 silly tar   },
2177 silly tar   cwd: 'C:/Users/vedan/Downloads/AVRGREEN-Nursery-Management-System-main/AVRGREEN-Nursery-Management-System-main/backend/node_modules/luxon',
2177 silly tar   tarCode: 'TAR_ENTRY_ERROR'
2177 silly tar }
2178 warn tar TAR_ENTRY_ERROR ENOENT: no such file or directory, lstat 'C:\Users\vedan\Downloads\AVRGREEN-Nursery-Management-System-main\AVRGREEN-Nursery-Management-System-main\backend\node_modules\luxon\build'
2179 silly tar TAR_ENTRY_ERROR ENOENT: no such file or directory, lstat 'C:\Users\vedan\Downloads\AVRGREEN-Nursery-Management-System-main\AVRGREEN-Nursery-Management-System-main\backend\node_modules\luxon\build' [Error: ENOENT: no such file or directory, lstat 'C:\Users\vedan\Downloads\AVRGREEN-Nursery-Management-System-main\AVRGREEN-Nursery-Management-System-main\backend\node_modules\luxon\build'] {
2179 silly tar   errno: -4058,
2179 silly tar   code: 'ENOENT',
2179 silly tar   syscall: 'lstat',
2179 silly tar   path: 'C:/Users/vedan/Downloads/AVRGREEN-Nursery-Management-System-main/AVRGREEN-Nursery-Management-System-main/backend/node_modules/luxon/build',
2179 silly tar   entry: ReadEntry {
2179 silly tar     _events: [Object: null prototype] {
2179 silly tar       end: [Function (anonymous)],
2179 silly tar       drain: [Function]
2179 silly tar     },
2179 silly tar     _eventsCount: 2,
2179 silly tar     _maxListeners: undefined,
2179 silly tar     writable: true,
2179 silly tar     readable: true,
2179 silly tar     extended: undefined,
2179 silly tar     globalExtended: undefined,
2179 silly tar     header: Header {
2179 silly tar       cksumValid: true,
2179 silly tar       needPax: false,
2179 silly tar       nullBlock: false,
2179 silly tar       block: undefined,
2179 silly tar       path: 'package/build/global/luxon.min.js.map',
2179 silly tar       mode: 420,
2179 silly tar       uid: undefined,
2179 silly tar       gid: undefined,
2179 silly tar       size: 136053,
2179 silly tar       cksum: 6588,
2179 silly tar       linkpath: '',
2179 silly tar       uname: '',
2179 silly tar       gname: '',
2179 silly tar       devmaj: 0,
2179 silly tar       devmin: 0,
2179 silly tar       atime: undefined,
2179 silly tar       ctime: undefined,
2179 silly tar       mtime: 1985-10-26T08:15:00.000Z,
2179 silly tar       charset: undefined,
2179 silly tar       comment: undefined
2179 silly tar     },
2179 silly tar     startBlockSize: 136192,
2179 silly tar     blockRemain: 95601,
2179 silly tar     remain: 95462,
2179 silly tar     type: 'File',
2179 silly tar     meta: false,
2179 silly tar     ignore: false,
2179 silly tar     path: 'build/global/luxon.min.js.map',
2179 silly tar     mode: 438,
2179 silly tar     uid: undefined,
2179 silly tar     gid: undefined,
2179 silly tar     uname: '',
2179 silly tar     gname: '',
2179 silly tar     size: 136053,
2179 silly tar     mtime: 1985-10-26T08:15:00.000Z,
2179 silly tar     atime: undefined,
2179 silly tar     ctime: undefined,
2179 silly tar     linkpath: undefined,
2179 silly tar     dev: undefined,
2179 silly tar     ino: undefined,
2179 silly tar     nlink: undefined,
2179 silly tar     invalid: false,
2179 silly tar     absolute: 'C:/Users/vedan/Downloads/AVRGREEN-Nursery-Management-System-main/AVRGREEN-Nursery-Management-System-main/backend/node_modules/luxon/build/global/luxon.min.js.map',
2179 silly tar     unsupported: false,
2179 silly tar     Symbol(shapeMode): false,
2179 silly tar     Symbol(kCapture): false,
2179 silly tar     Symbol(flowing): false,
2179 silly tar     Symbol(paused): true,
2179 silly tar     Symbol(pipes): [],
2179 silly tar     Symbol(buffer): [
2179 silly tar       <Buffer 7b 22 76 65 72 73 69 6f 6e 22 3a 33 2c 22 66 69 6c 65 22 3a 22 62 75 69 6c 64 2f 67 6c 6f 62 61 6c 2f 6c 75 78 6f 6e 2e 6a 73 22 2c 22 73 6f 75 72 63 ... 7237 more bytes>,
2179 silly tar       <Buffer 53 74 72 69 6e 67 22 2c 22 64 75 72 22 2c 22 6c 69 6c 64 75 72 22 2c 22 69 6e 66 6f 22 2c 22 69 6e 76 65 72 74 4c 61 72 67 65 73 74 22 2c 22 73 69 67 ... 16334 more bytes>,
2179 silly tar       <Buffer 46 2c 43 41 41 49 2c 45 41 43 68 43 71 46 2c 43 41 43 54 2c 43 41 2f 44 41 35 49 2c 45 41 41 65 32 49 2c 45 41 41 55 66 2c 43 41 41 4b 2c 45 41 4b 39 ... 16334 more bytes>,
2179 silly tar       <Buffer 4b 41 41 4d 2c 51 41 43 4e 43 2c 4b 41 41 4d 2c 51 41 43 4e 43 2c 51 41 41 53 2c 51 41 43 54 43 2c 4b 41 41 4d 2c 51 41 43 4e 43 2c 4b 41 41 4d 2c 51 ... 486 more bytes>
2179 silly tar     ],
2179 silly tar     Symbol(objectMode): false,
2179 silly tar     Symbol(encoding): null,
2179 silly tar     Symbol(async): false,
2179 silly tar     Symbol(decoder): null,
2179 silly tar     Symbol(EOF): false,
2179 silly tar     Symbol(emittedEnd): false,
2179 silly tar     Symbol(emittingEnd): false,
2179 silly tar     Symbol(closed): false,
2179 silly tar     Symbol(emittedError): null,
2179 silly tar     Symbol(bufferLength): 40591,
2179 silly tar     Symbol(destroyed): false,
2179 silly tar     Symbol(signal): undefined,
2179 silly tar     Symbol(aborted): false,
2179 silly tar     Symbol(dataListeners): 0,
2179 silly tar     Symbol(discarded): false
2179 silly tar   },
2179 silly tar   cwd: 'C:/Users/vedan/Downloads/AVRGREEN-Nursery-Management-System-main/AVRGREEN-Nursery-Management-System-main/backend/node_modules/luxon',
2179 silly tar   tarCode: 'TAR_ENTRY_ERROR'
2179 silly tar }
2180 warn tar TAR_ENTRY_ERROR ENOENT: no such file or directory, lstat 'C:\Users\vedan\Downloads\AVRGREEN-Nursery-Management-System-main\AVRGREEN-Nursery-Management-System-main\backend\node_modules\luxon\build'
2181 silly tar TAR_ENTRY_ERROR ENOENT: no such file or directory, lstat 'C:\Users\vedan\Downloads\AVRGREEN-Nursery-Management-System-main\AVRGREEN-Nursery-Management-System-main\backend\node_modules\luxon\build' [Error: ENOENT: no such file or directory, lstat 'C:\Users\vedan\Downloads\AVRGREEN-Nursery-Management-System-main\AVRGREEN-Nursery-Management-System-main\backend\node_modules\luxon\build'] {
2181 silly tar   errno: -4058,
2181 silly tar   code: 'ENOENT',
2181 silly tar   syscall: 'lstat',
2181 silly tar   path: 'C:/Users/vedan/Downloads/AVRGREEN-Nursery-Management-System-main/AVRGREEN-Nursery-Management-System-main/backend/node_modules/luxon/build',
2181 silly tar   entry: ReadEntry {
2181 silly tar     _events: [Object: null prototype] {
2181 silly tar       end: [Function (anonymous)],
2181 silly tar       drain: [Function]
2181 silly tar     },
2181 silly tar     _eventsCount: 2,
2181 silly tar     _maxListeners: undefined,
2181 silly tar     writable: true,
2181 silly tar     readable: true,
2181 silly tar     extended: undefined,
2181 silly tar     globalExtended: undefined,
2181 silly tar     header: Header {
2181 silly tar       cksumValid: true,
2181 silly tar       needPax: false,
2181 silly tar       nullBlock: false,
2181 silly tar       block: undefined,
2181 silly tar       path: 'package/build/es6/luxon.mjs.map',
2181 silly tar       mode: 420,
2181 silly tar       uid: undefined,
2181 silly tar       gid: undefined,
2181 silly tar       size: 486432,
2181 silly tar       cksum: 5973,
2181 silly tar       linkpath: '',
2181 silly tar       uname: '',
2181 silly tar       gname: '',
2181 silly tar       devmaj: 0,
2181 silly tar       devmin: 0,
2181 silly tar       atime: undefined,
2181 silly tar       ctime: undefined,
2181 silly tar       mtime: 1985-10-26T08:15:00.000Z,
2181 silly tar       charset: undefined,
2181 silly tar       comment: undefined
2181 silly tar     },
2181 silly tar     startBlockSize: 486912,
2181 silly tar     blockRemain: 484055,
2181 silly tar     remain: 483575,
2181 silly tar     type: 'File',
2181 silly tar     meta: false,
2181 silly tar     ignore: false,
2181 silly tar     path: 'build/es6/luxon.mjs.map',
2181 silly tar     mode: 438,
2181 silly tar     uid: undefined,
2181 silly tar     gid: undefined,
2181 silly tar     uname: '',
2181 silly tar     gname: '',
2181 silly tar     size: 486432,
2181 silly tar     mtime: 1985-10-26T08:15:00.000Z,
2181 silly tar     atime: undefined,
2181 silly tar     ctime: undefined,
2181 silly tar     linkpath: undefined,
2181 silly tar     dev: undefined,
2181 silly tar     ino: undefined,
2181 silly tar     nlink: undefined,
2181 silly tar     invalid: false,
2181 silly tar     absolute: 'C:/Users/vedan/Downloads/AVRGREEN-Nursery-Management-System-main/AVRGREEN-Nursery-Management-System-main/backend/node_modules/luxon/build/es6/luxon.mjs.map',
2181 silly tar     unsupported: false,
2181 silly tar     Symbol(shapeMode): false,
2181 silly tar     Symbol(kCapture): false,
2181 silly tar     Symbol(flowing): false,
2181 silly tar     Symbol(paused): true,
2181 silly tar     Symbol(pipes): [],
2181 silly tar     Symbol(buffer): [
2181 silly tar       <Buffer 7b 22 76 65 72 73 69 6f 6e 22 3a 33 2c 22 66 69 6c 65 22 3a 22 6c 75 78 6f 6e 2e 6d 6a 73 22 2c 22 73 6f 75 72 63 65 73 22 3a 5b 22 2e 2e 2f 2e 2e 2f ... 2807 more bytes>
2181 silly tar     ],
2181 silly tar     Symbol(objectMode): false,
2181 silly tar     Symbol(encoding): null,
2181 silly tar     Symbol(async): false,
2181 silly tar     Symbol(decoder): null,
2181 silly tar     Symbol(EOF): false,
2181 silly tar     Symbol(emittedEnd): false,
2181 silly tar     Symbol(emittingEnd): false,
2181 silly tar     Symbol(closed): false,
2181 silly tar     Symbol(emittedError): null,
2181 silly tar     Symbol(bufferLength): 2857,
2181 silly tar     Symbol(destroyed): false,
2181 silly tar     Symbol(signal): undefined,
2181 silly tar     Symbol(aborted): false,
2181 silly tar     Symbol(dataListeners): 0,
2181 silly tar     Symbol(discarded): false
2181 silly tar   },
2181 silly tar   cwd: 'C:/Users/vedan/Downloads/AVRGREEN-Nursery-Management-System-main/AVRGREEN-Nursery-Management-System-main/backend/node_modules/luxon',
2181 silly tar   tarCode: 'TAR_ENTRY_ERROR'
2181 silly tar }
2182 warn tar TAR_ENTRY_ERROR ENOENT: no such file or directory, open 'C:\Users\vedan\Downloads\AVRGREEN-Nursery-Management-System-main\AVRGREEN-Nursery-Management-System-main\backend\node_modules\luxon\LICENSE.md'
2183 silly tar TAR_ENTRY_ERROR ENOENT: no such file or directory, open 'C:\Users\vedan\Downloads\AVRGREEN-Nursery-Management-System-main\AVRGREEN-Nursery-Management-System-main\backend\node_modules\luxon\LICENSE.md' [Error: ENOENT: no such file or directory, open 'C:\Users\vedan\Downloads\AVRGREEN-Nursery-Management-System-main\AVRGREEN-Nursery-Management-System-main\backend\node_modules\luxon\LICENSE.md'] {
2183 silly tar   errno: -4058,
2183 silly tar   code: 'ENOENT',
2183 silly tar   syscall: 'open',
2183 silly tar   path: 'C:\\Users\\vedan\\Downloads\\AVRGREEN-Nursery-Management-System-main\\AVRGREEN-Nursery-Management-System-main\\backend\\node_modules\\luxon\\LICENSE.md',
2183 silly tar   entry: ReadEntry {
2183 silly tar     _events: [Object: null prototype] {},
2183 silly tar     _eventsCount: 0,
2183 silly tar     _maxListeners: undefined,
2183 silly tar     writable: false,
2183 silly tar     readable: false,
2183 silly tar     extended: undefined,
2183 silly tar     globalExtended: undefined,
2183 silly tar     header: Header {
2183 silly tar       cksumValid: true,
2183 silly tar       needPax: false,
2183 silly tar       nullBlock: false,
2183 silly tar       block: undefined,
2183 silly tar       path: 'package/LICENSE.md',
2183 silly tar       mode: 420,
2183 silly tar       uid: undefined,
2183 silly tar       gid: undefined,
2183 silly tar       size: 1076,
2183 silly tar       cksum: 4534,
2183 silly tar       linkpath: '',
2183 silly tar       uname: '',
2183 silly tar       gname: '',
2183 silly tar       devmaj: 0,
2183 silly tar       devmin: 0,
2183 silly tar       atime: undefined,
2183 silly tar       ctime: undefined,
2183 silly tar       mtime: 1985-10-26T08:15:00.000Z,
2183 silly tar       charset: undefined,
2183 silly tar       comment: undefined
2183 silly tar     },
2183 silly tar     startBlockSize: 1536,
2183 silly tar     blockRemain: 0,
2183 silly tar     remain: 0,
2183 silly tar     type: 'File',
2183 silly tar     meta: false,
2183 silly tar     ignore: false,
2183 silly tar     path: 'LICENSE.md',
2183 silly tar     mode: 438,
2183 silly tar     uid: undefined,
2183 silly tar     gid: undefined,
2183 silly tar     uname: '',
2183 silly tar     gname: '',
2183 silly tar     size: 1076,
2183 silly tar     mtime: 1985-10-26T08:15:00.000Z,
2183 silly tar     atime: undefined,
2183 silly tar     ctime: undefined,
2183 silly tar     linkpath: undefined,
2183 silly tar     dev: undefined,
2183 silly tar     ino: undefined,
2183 silly tar     nlink: undefined,
2183 silly tar     invalid: false,
2183 silly tar     absolute: 'C:/Users/vedan/Downloads/AVRGREEN-Nursery-Management-System-main/AVRGREEN-Nursery-Management-System-main/backend/node_modules/luxon/LICENSE.md',
2183 silly tar     unsupported: false,
2183 silly tar     Symbol(shapeMode): false,
2183 silly tar     Symbol(kCapture): false,
2183 silly tar     Symbol(flowing): false,
2183 silly tar     Symbol(paused): true,
2183 silly tar     Symbol(pipes): [ [Pipe] ],
2183 silly tar     Symbol(buffer): [],
2183 silly tar     Symbol(objectMode): false,
2183 silly tar     Symbol(encoding): null,
2183 silly tar     Symbol(async): false,
2183 silly tar     Symbol(decoder): null,
2183 silly tar     Symbol(EOF): true,
2183 silly tar     Symbol(emittedEnd): true,
2183 silly tar     Symbol(emittingEnd): false,
2183 silly tar     Symbol(closed): false,
2183 silly tar     Symbol(emittedError): null,
2183 silly tar     Symbol(bufferLength): 0,
2183 silly tar     Symbol(destroyed): false,
2183 silly tar     Symbol(signal): undefined,
2183 silly tar     Symbol(aborted): false,
2183 silly tar     Symbol(dataListeners): 0,
2183 silly tar     Symbol(discarded): false
2183 silly tar   },
2183 silly tar   cwd: 'C:/Users/vedan/Downloads/AVRGREEN-Nursery-Management-System-main/AVRGREEN-Nursery-Management-System-main/backend/node_modules/luxon',
2183 silly tar   tarCode: 'TAR_ENTRY_ERROR'
2183 silly tar }
2184 warn tar TAR_ENTRY_ERROR ENOENT: no such file or directory, open 'C:\Users\vedan\Downloads\AVRGREEN-Nursery-Management-System-main\AVRGREEN-Nursery-Management-System-main\backend\node_modules\luxon\README.md'
2185 silly tar TAR_ENTRY_ERROR ENOENT: no such file or directory, open 'C:\Users\vedan\Downloads\AVRGREEN-Nursery-Management-System-main\AVRGREEN-Nursery-Management-System-main\backend\node_modules\luxon\README.md' [Error: ENOENT: no such file or directory, open 'C:\Users\vedan\Downloads\AVRGREEN-Nursery-Management-System-main\AVRGREEN-Nursery-Management-System-main\backend\node_modules\luxon\README.md'] {
2185 silly tar   errno: -4058,
2185 silly tar   code: 'ENOENT',
2185 silly tar   syscall: 'open',
2185 silly tar   path: 'C:\\Users\\vedan\\Downloads\\AVRGREEN-Nursery-Management-System-main\\AVRGREEN-Nursery-Management-System-main\\backend\\node_modules\\luxon\\README.md',
2185 silly tar   entry: ReadEntry {
2185 silly tar     _events: [Object: null prototype] {},
2185 silly tar     _eventsCount: 0,
2185 silly tar     _maxListeners: undefined,
2185 silly tar     writable: false,
2185 silly tar     readable: false,
2185 silly tar     extended: undefined,
2185 silly tar     globalExtended: undefined,
2185 silly tar     header: Header {
2185 silly tar       cksumValid: true,
2185 silly tar       needPax: false,
2185 silly tar       nullBlock: false,
2185 silly tar       block: undefined,
2185 silly tar       path: 'package/README.md',
2185 silly tar       mode: 420,
2185 silly tar       uid: undefined,
2185 silly tar       gid: undefined,
2185 silly tar       size: 2052,
2185 silly tar       cksum: 4445,
2185 silly tar       linkpath: '',
2185 silly tar       uname: '',
2185 silly tar       gname: '',
2185 silly tar       devmaj: 0,
2185 silly tar       devmin: 0,
2185 silly tar       atime: undefined,
2185 silly tar       ctime: undefined,
2185 silly tar       mtime: 1985-10-26T08:15:00.000Z,
2185 silly tar       charset: undefined,
2185 silly tar       comment: undefined
2185 silly tar     },
2185 silly tar     startBlockSize: 2560,
2185 silly tar     blockRemain: 0,
2185 silly tar     remain: 0,
2185 silly tar     type: 'File',
2185 silly tar     meta: false,
2185 silly tar     ignore: false,
2185 silly tar     path: 'README.md',
2185 silly tar     mode: 438,
2185 silly tar     uid: undefined,
2185 silly tar     gid: undefined,
2185 silly tar     uname: '',
2185 silly tar     gname: '',
2185 silly tar     size: 2052,
2185 silly tar     mtime: 1985-10-26T08:15:00.000Z,
2185 silly tar     atime: undefined,
2185 silly tar     ctime: undefined,
2185 silly tar     linkpath: undefined,
2185 silly tar     dev: undefined,
2185 silly tar     ino: undefined,
2185 silly tar     nlink: undefined,
2185 silly tar     invalid: false,
2185 silly tar     absolute: 'C:/Users/vedan/Downloads/AVRGREEN-Nursery-Management-System-main/AVRGREEN-Nursery-Management-System-main/backend/node_modules/luxon/README.md',
2185 silly tar     unsupported: false,
2185 silly tar     Symbol(shapeMode): false,
2185 silly tar     Symbol(kCapture): false,
2185 silly tar     Symbol(flowing): false,
2185 silly tar     Symbol(paused): true,
2185 silly tar     Symbol(pipes): [ [Pipe] ],
2185 silly tar     Symbol(buffer): [],
2185 silly tar     Symbol(objectMode): false,
2185 silly tar     Symbol(encoding): null,
2185 silly tar     Symbol(async): false,
2185 silly tar     Symbol(decoder): null,
2185 silly tar     Symbol(EOF): true,
2185 silly tar     Symbol(emittedEnd): true,
2185 silly tar     Symbol(emittingEnd): false,
2185 silly tar     Symbol(closed): false,
2185 silly tar     Symbol(emittedError): null,
2185 silly tar     Symbol(bufferLength): 0,
2185 silly tar     Symbol(destroyed): false,
2185 silly tar     Symbol(signal): undefined,
2185 silly tar     Symbol(aborted): false,
2185 silly tar     Symbol(dataListeners): 0,
2185 silly tar     Symbol(discarded): false
2185 silly tar   },
2185 silly tar   cwd: 'C:/Users/vedan/Downloads/AVRGREEN-Nursery-Management-System-main/AVRGREEN-Nursery-Management-System-main/backend/node_modules/luxon',
2185 silly tar   tarCode: 'TAR_ENTRY_ERROR'
2185 silly tar }
2186 warn tar TAR_ENTRY_ERROR ENOENT: no such file or directory, lstat 'C:\Users\vedan\Downloads\AVRGREEN-Nursery-Management-System-main\AVRGREEN-Nursery-Management-System-main\backend\node_modules\luxon\build'
2187 silly tar TAR_ENTRY_ERROR ENOENT: no such file or directory, lstat 'C:\Users\vedan\Downloads\AVRGREEN-Nursery-Management-System-main\AVRGREEN-Nursery-Management-System-main\backend\node_modules\luxon\build' [Error: ENOENT: no such file or directory, lstat 'C:\Users\vedan\Downloads\AVRGREEN-Nursery-Management-System-main\AVRGREEN-Nursery-Management-System-main\backend\node_modules\luxon\build'] {
2187 silly tar   errno: -4058,
2187 silly tar   code: 'ENOENT',
2187 silly tar   syscall: 'lstat',
2187 silly tar   path: 'C:/Users/vedan/Downloads/AVRGREEN-Nursery-Management-System-main/AVRGREEN-Nursery-Management-System-main/backend/node_modules/luxon/build',
2187 silly tar   entry: ReadEntry {
2187 silly tar     _events: [Object: null prototype] {
2187 silly tar       end: [Function (anonymous)],
2187 silly tar       drain: [Function]
2187 silly tar     },
2187 silly tar     _eventsCount: 2,
2187 silly tar     _maxListeners: undefined,
2187 silly tar     writable: true,
2187 silly tar     readable: true,
2187 silly tar     extended: undefined,
2187 silly tar     globalExtended: undefined,
2187 silly tar     header: Header {
2187 silly tar       cksumValid: true,
2187 silly tar       needPax: false,
2187 silly tar       nullBlock: false,
2187 silly tar       block: undefined,
2187 silly tar       path: 'package/build/es6/luxon.mjs',
2187 silly tar       mode: 420,
2187 silly tar       uid: undefined,
2187 silly tar       gid: undefined,
2187 silly tar       size: 262085,
2187 silly tar       cksum: 5619,
2187 silly tar       linkpath: '',
2187 silly tar       uname: '',
2187 silly tar       gname: '',
2187 silly tar       devmaj: 0,
2187 silly tar       devmin: 0,
2187 silly tar       atime: undefined,
2187 silly tar       ctime: undefined,
2187 silly tar       mtime: 1985-10-26T08:15:00.000Z,
2187 silly tar       charset: undefined,
2187 silly tar       comment: undefined
2187 silly tar     },
2187 silly tar     startBlockSize: 262144,
2187 silly tar     blockRemain: 227274,
2187 silly tar     remain: 227215,
2187 silly tar     type: 'File',
2187 silly tar     meta: false,
2187 silly tar     ignore: false,
2187 silly tar     path: 'build/es6/luxon.mjs',
2187 silly tar     mode: 438,
2187 silly tar     uid: undefined,
2187 silly tar     gid: undefined,
2187 silly tar     uname: '',
2187 silly tar     gname: '',
2187 silly tar     size: 262085,
2187 silly tar     mtime: 1985-10-26T08:15:00.000Z,
2187 silly tar     atime: undefined,
2187 silly tar     ctime: undefined,
2187 silly tar     linkpath: undefined,
2187 silly tar     dev: undefined,
2187 silly tar     ino: undefined,
2187 silly tar     nlink: undefined,
2187 silly tar     invalid: false,
2187 silly tar     absolute: 'C:/Users/vedan/Downloads/AVRGREEN-Nursery-Management-System-main/AVRGREEN-Nursery-Management-System-main/backend/node_modules/luxon/build/es6/luxon.mjs',
2187 silly tar     unsupported: false,
2187 silly tar     Symbol(shapeMode): false,
2187 silly tar     Symbol(kCapture): false,
2187 silly tar     Symbol(flowing): false,
2187 silly tar     Symbol(paused): true,
2187 silly tar     Symbol(pipes): [],
2187 silly tar     Symbol(buffer): [
2187 silly tar       <Buffer 2f 2f 20 74 68 65 73 65 20 61 72 65 6e 27 74 20 72 65 61 6c 6c 79 20 70 72 69 76 61 74 65 2c 20 62 75 74 20 6e 6f 72 20 61 72 65 20 74 68 65 79 20 72 ... 12916 more bytes>,
2187 silly tar       <Buffer 69 6e 74 6c 4e 75 6d 43 61 63 68 65 20 3d 20 6e 65 77 20 4d 61 70 28 29 3b 0a 66 75 6e 63 74 69 6f 6e 20 67 65 74 43 61 63 68 65 64 49 4e 46 28 6c 6f ... 16334 more bytes>,
2187 silly tar       <Buffer 54 68 65 20 6f 66 66 73 65 74 20 69 6e 20 6d 69 6e 75 74 65 73 0a 20 20 20 2a 20 40 72 65 74 75 72 6e 20 7b 46 69 78 65 64 4f 66 66 73 65 74 5a 6f 6e ... 5470 more bytes>
2187 silly tar     ],
2187 silly tar     Symbol(objectMode): false,
2187 silly tar     Symbol(encoding): null,
2187 silly tar     Symbol(async): false,
2187 silly tar     Symbol(decoder): null,
2187 silly tar     Symbol(EOF): false,
2187 silly tar     Symbol(emittedEnd): false,
2187 silly tar     Symbol(emittingEnd): false,
2187 silly tar     Symbol(closed): false,
2187 silly tar     Symbol(emittedError): null,
2187 silly tar     Symbol(bufferLength): 34870,
2187 silly tar     Symbol(destroyed): false,
2187 silly tar     Symbol(signal): undefined,
2187 silly tar     Symbol(aborted): false,
2187 silly tar     Symbol(dataListeners): 0,
2187 silly tar     Symbol(discarded): false
2187 silly tar   },
2187 silly tar   cwd: 'C:/Users/vedan/Downloads/AVRGREEN-Nursery-Management-System-main/AVRGREEN-Nursery-Management-System-main/backend/node_modules/luxon',
2187 silly tar   tarCode: 'TAR_ENTRY_ERROR'
2187 silly tar }
2188 http fetch GET 200 https://registry.npmjs.org/luxon/-/luxon-3.7.2.tgz 167075ms (cache miss)
2189 http fetch GET 200 https://registry.npmjs.org/typescript/-/typescript-5.9.3.tgz 190631ms (cache miss)
2190 info run msgpackr-extract@3.0.4 install node_modules/msgpackr-extract node-gyp-build-optional-packages
2191 info run msgpackr-extract@3.0.4 install { code: 0, signal: null }
2192 info run @scarf/scarf@1.4.0 postinstall node_modules/@scarf/scarf node ./report.js
2193 info run @scarf/scarf@1.4.0 postinstall { code: 0, signal: null }
2194 silly ADD node_modules/@types/mime
2195 silly ADD node_modules/util-deprecate
2196 silly ADD node_modules/string_decoder
2197 silly ADD node_modules/fn.name
2198 silly ADD node_modules/fecha
2199 silly ADD node_modules/@types/triple-beam
2200 silly ADD node_modules/color-name
2201 silly ADD node_modules/color-string
2202 silly ADD node_modules/color-convert
2203 silly ADD node_modules/text-hex
2204 silly ADD node_modules/color
2205 silly ADD node_modules/kuler
2206 silly ADD node_modules/enabled
2207 silly ADD node_modules/@so-ric/colorspace
2208 silly ADD node_modules/winston-transport
2209 silly ADD node_modules/triple-beam
2210 silly ADD node_modules/stack-trace
2211 silly ADD node_modules/safe-stable-stringify
2212 silly ADD node_modules/readable-stream
2213 silly ADD node_modules/one-time
2214 silly ADD node_modules/logform
2215 silly ADD node_modules/logform/node_modules/ms
2216 silly ADD node_modules/is-stream
2217 silly ADD node_modules/async
2218 silly ADD node_modules/@dabh/diagnostics
2219 silly ADD node_modules/@colors/colors
2220 silly ADD node_modules/media-typer
2221 silly ADD node_modules/strip-json-comments
2222 silly ADD node_modules/strip-bom
2223 silly ADD node_modules/@types/strip-json-comments
2224 silly ADD node_modules/@types/strip-bom
2225 silly ADD node_modules/is-number
2226 silly ADD node_modules/source-map
2227 silly ADD node_modules/buffer-from
2228 silly ADD node_modules/concat-map
2229 silly ADD node_modules/balanced-match
2230 silly ADD node_modules/brace-expansion
2231 silly ADD node_modules/wrappy
2232 silly ADD node_modules/path-is-absolute
2233 silly ADD node_modules/once
2234 silly ADD node_modules/minimatch
2235 silly ADD node_modules/inflight
2236 silly ADD node_modules/fs.realpath
2237 silly ADD node_modules/glob
2238 silly ADD node_modules/supports-preserve-symlinks-flag
2239 silly ADD node_modules/path-parse
2240 silly ADD node_modules/is-core-module
2241 silly ADD node_modules/is-extglob
2242 silly ADD node_modules/binary-extensions
2243 silly ADD node_modules/to-regex-range
2244 silly ADD node_modules/fill-range
2245 silly ADD node_modules/picomatch
2246 silly ADD node_modules/readdirp
2247 silly ADD node_modules/normalize-path
2248 silly ADD node_modules/is-glob
2249 silly ADD node_modules/is-binary-path
2250 silly ADD node_modules/glob-parent
2251 silly ADD node_modules/braces
2252 silly ADD node_modules/anymatch
2253 silly ADD node_modules/tsconfig
2254 silly ADD node_modules/tree-kill
2255 silly ADD node_modules/source-map-support
2256 silly ADD node_modules/rimraf
2257 silly ADD node_modules/resolve
2258 silly ADD node_modules/mkdirp
2259 silly ADD node_modules/minimist
2260 silly ADD node_modules/dynamic-dedupe
2261 silly ADD node_modules/chokidar
2262 silly ADD node_modules/@jridgewell/sourcemap-codec
2263 silly ADD node_modules/@jridgewell/resolve-uri
2264 silly ADD node_modules/@jridgewell/trace-mapping
2265 silly ADD node_modules/yn
2266 silly ADD node_modules/v8-compile-cache-lib
2267 silly ADD node_modules/make-error
2268 silly ADD node_modules/diff
2269 silly ADD node_modules/create-require
2270 silly ADD node_modules/arg
2271 silly ADD node_modules/acorn-walk
2272 silly ADD node_modules/acorn
2273 silly ADD node_modules/@tsconfig/node16
2274 silly ADD node_modules/@tsconfig/node14
2275 silly ADD node_modules/@tsconfig/node12
2276 silly ADD node_modules/@tsconfig/node10
2277 silly ADD node_modules/@cspotcode/source-map-support
2278 silly ADD node_modules/@scarf/scarf
2279 silly ADD node_modules/swagger-ui-dist
2280 silly ADD node_modules/@socket.io/component-emitter
2281 silly ADD node_modules/ws
2282 silly ADD node_modules/engine.io-parser
2283 silly ADD node_modules/@types/ws
2284 silly ADD node_modules/socket.io-parser
2285 silly ADD node_modules/socket.io-parser/node_modules/ms
2286 silly ADD node_modules/socket.io-parser/node_modules/debug
2287 silly ADD node_modules/socket.io-adapter
2288 silly ADD node_modules/socket.io-adapter/node_modules/ms
2289 silly ADD node_modules/socket.io-adapter/node_modules/debug
2290 silly ADD node_modules/engine.io
2291 silly ADD node_modules/engine.io/node_modules/ms
2292 silly ADD node_modules/engine.io/node_modules/debug
2293 silly ADD node_modules/base64id
2294 silly ADD node_modules/dunder-proto
2295 silly ADD node_modules/math-intrinsics
2296 silly ADD node_modules/hasown
2297 silly ADD node_modules/has-symbols
2298 silly ADD node_modules/gopd
2299 silly ADD node_modules/get-proto
2300 silly ADD node_modules/es-object-atoms
2301 silly ADD node_modules/function-bind
2302 silly ADD node_modules/call-bind-apply-helpers
2303 silly ADD node_modules/get-intrinsic
2304 silly ADD node_modules/call-bound
2305 silly ADD node_modules/side-channel-weakmap
2306 silly ADD node_modules/side-channel-map
2307 silly ADD node_modules/side-channel-list
2308 silly ADD node_modules/object-inspect
2309 silly ADD node_modules/es-errors
2310 silly ADD node_modules/mime
2311 silly ADD node_modules/yallist
2312 silly ADD node_modules/generic-pool
2313 silly ADD node_modules/@redis/time-series
2314 silly ADD node_modules/@redis/search
2315 silly ADD node_modules/@redis/json
2316 silly ADD node_modules/@redis/graph
2317 silly ADD node_modules/@redis/client
2318 silly ADD node_modules/@redis/client/node_modules/cluster-key-slot
2319 silly ADD node_modules/@redis/bloom
2320 silly ADD node_modules/side-channel
2321 silly ADD node_modules/es-define-property
2322 silly ADD node_modules/ipaddr.js
2323 silly ADD node_modules/forwarded
2324 silly ADD node_modules/xtend
2325 silly ADD node_modules/split2
2326 silly ADD node_modules/postgres-interval
2327 silly ADD node_modules/postgres-date
2328 silly ADD node_modules/postgres-bytea
2329 silly ADD node_modules/postgres-array
2330 silly ADD node_modules/pg-int8
2331 silly ADD node_modules/pgpass
2332 silly ADD node_modules/pg-pool
2333 silly ADD node_modules/pg-connection-string
2334 silly ADD node_modules/pg-cloudflare
2335 silly ADD node_modules/ee-first
2336 silly ADD node_modules/detect-libc
2337 silly ADD node_modules/node-gyp-build-optional-packages
2338 silly ADD node_modules/@msgpackr-extract/msgpackr-extract-win32-x64
2339 silly ADD node_modules/msgpackr-extract
2340 silly ADD node_modules/mime-db
2341 silly ADD node_modules/ecdsa-sig-formatter
2342 silly ADD node_modules/buffer-equal-constant-time
2343 silly ADD node_modules/jwa
2344 silly ADD node_modules/lodash.once
2345 silly ADD node_modules/lodash.isstring
2346 silly ADD node_modules/lodash.isplainobject
2347 silly ADD node_modules/lodash.isnumber
2348 silly ADD node_modules/lodash.isinteger
2349 silly ADD node_modules/lodash.isboolean
2350 silly ADD node_modules/lodash.includes
2351 silly ADD node_modules/jws
2352 silly ADD node_modules/standard-as-callback
2353 silly ADD node_modules/redis-parser
2354 silly ADD node_modules/redis-errors
2355 silly ADD node_modules/denque
2356 silly ADD node_modules/cluster-key-slot
2357 silly ADD node_modules/@ioredis/commands
2358 silly ADD node_modules/safer-buffer
2359 silly ADD node_modules/toidentifier
2360 silly ADD node_modules/inherits
2361 silly ADD node_modules/ms
2362 silly ADD node_modules/unpipe
2363 silly ADD node_modules/raw-body
2364 silly ADD node_modules/iconv-lite
2365 silly ADD node_modules/destroy
2366 silly ADD node_modules/bytes
2367 silly ADD node_modules/negotiator
2368 silly ADD node_modules/mime-types
2369 silly ADD node_modules/utils-merge
2370 silly ADD node_modules/type-is
2371 silly ADD node_modules/statuses
2372 silly ADD node_modules/setprototypeof
2373 silly ADD node_modules/serve-static
2374 silly ADD node_modules/send
2375 silly ADD node_modules/send/node_modules/ms
2376 silly ADD node_modules/safe-buffer
2377 silly ADD node_modules/range-parser
2378 silly ADD node_modules/qs
2379 silly ADD node_modules/proxy-addr
2380 silly ADD node_modules/path-to-regexp
2381 silly ADD node_modules/parseurl
2382 silly ADD node_modules/on-finished
2383 silly ADD node_modules/methods
2384 silly ADD node_modules/merge-descriptors
2385 silly ADD node_modules/http-errors
2386 silly ADD node_modules/fresh
2387 silly ADD node_modules/finalhandler
2388 silly ADD node_modules/etag
2389 silly ADD node_modules/escape-html
2390 silly ADD node_modules/encodeurl
2391 silly ADD node_modules/depd
2392 silly ADD node_modules/debug
2393 silly ADD node_modules/cookie-signature
2394 silly ADD node_modules/cookie
2395 silly ADD node_modules/content-type
2396 silly ADD node_modules/content-disposition
2397 silly ADD node_modules/body-parser
2398 silly ADD node_modules/array-flatten
2399 silly ADD node_modules/accepts
2400 silly ADD node_modules/luxon
2401 silly ADD node_modules/vary
2402 silly ADD node_modules/object-assign
2403 silly ADD node_modules/tslib
2404 silly ADD node_modules/semver
2405 silly ADD node_modules/node-abort-controller
2406 silly ADD node_modules/msgpackr
2407 silly ADD node_modules/ioredis
2408 silly ADD node_modules/ioredis/node_modules/ms
2409 silly ADD node_modules/ioredis/node_modules/debug
2410 silly ADD node_modules/cron-parser
2411 silly ADD node_modules/@types/http-errors
2412 silly ADD node_modules/pg-types
2413 silly ADD node_modules/pg-protocol
2414 silly ADD node_modules/undici-types
2415 silly ADD node_modules/@types/ms
2416 silly ADD node_modules/@types/send
2417 silly ADD node_modules/@types/range-parser
2418 silly ADD node_modules/@types/connect
2419 silly ADD node_modules/@types/serve-static
2420 silly ADD node_modules/@types/serve-static/node_modules/@types/send
2421 silly ADD node_modules/@types/qs
2422 silly ADD node_modules/@types/express-serve-static-core
2423 silly ADD node_modules/@types/body-parser
2424 silly ADD node_modules/zod
2425 silly ADD node_modules/winston
2426 silly ADD node_modules/typescript
2427 silly ADD node_modules/ts-node-dev
2428 silly ADD node_modules/ts-node
2429 silly ADD node_modules/swagger-ui-express
2430 silly ADD node_modules/socket.io
2431 silly ADD node_modules/socket.io/node_modules/ms
2432 silly ADD node_modules/socket.io/node_modules/debug
2433 silly ADD node_modules/redis
2434 silly ADD node_modules/pg
2435 silly ADD node_modules/jsonwebtoken
2436 silly ADD node_modules/jsonwebtoken/node_modules/ms
2437 silly ADD node_modules/helmet
2438 silly ADD node_modules/express-rate-limit
2439 silly ADD node_modules/express
2440 silly ADD node_modules/dotenv
2441 silly ADD node_modules/cors
2442 silly ADD node_modules/bullmq
2443 silly ADD node_modules/bcryptjs
2444 silly ADD node_modules/@types/swagger-ui-express
2445 silly ADD node_modules/@types/pg
2446 silly ADD node_modules/@types/node
2447 silly ADD node_modules/@types/jsonwebtoken
2448 silly ADD node_modules/@types/express
2449 silly ADD node_modules/@types/cors
2450 silly ADD node_modules/@types/bcryptjs
2451 verbose cwd C:\Users\vedan\Downloads\AVRGREEN-Nursery-Management-System-main\AVRGREEN-Nursery-Management-System-main\backend
2452 verbose os Windows_NT 10.0.26220
2453 verbose node v25.2.1
2454 verbose npm  v11.6.2
2455 verbose exit 0
2456 info ok
